;;;;;;;;;;;Package.Mass.Value;;
ID;WEEK COM;MONTH;ORIGIN;ORIGIN CITY;DESTINATION  (DROP LIST);MODE;UNITS;CARTON;GOH UNITS;TOTAL UNITS;WEIGHT;CBM;TYPE
1;8/30/2021;August;Turkey;Istanbul;DE;Road;34237;1356;0;34237;13560;97,63;FTL
2;8/30/2021;August;Turkey;Istanbul;DE;Road;18440;1251;0;18440;12510;90,07;FTL
3;8/30/2021;August;Turkey;Istanbul;UK;Road;19765;1237;0;19765;12370;89,06;FTL
4;8/30/2021;August;Turkey;Istanbul;UK;Road;51059;1487;0;51059;14870;107,06;FTL
5;8/30/2021;August;Turkey;Istanbul;DE;Road;27046;1286;0;27046;12860;92,592;FTL
6;8/30/2021;August;Turkey;Istanbul;UK;Road;23155;1223;0;23155;12230;88,056;FTL
7;8/30/2021;August;Turkey;Istanbul;UK;Road;28049;1186;1701;29750;13561;85,392;FTL
8;8/30/2021;August;Turkey;Istanbul;DE;Road;18664;1220;0;18664;12200;87,84;FTL
9;8/30/2021;August;Turkey;Istanbul;DE;Road;42792;1289;0;42792;12890;92,808;FTL
10;8/30/2021;August;Turkey;Istanbul;UK;Road;18685;1135;0;18685;11350;81,72;FTL
11;8/30/2021;August;Turkey;Istanbul;UK;Road;30634;1257;0;30634;12570;90,504;FTL
12;8/30/2021;August;Turkey;Istanbul;DE;Road;25092;1277;0;25092;12770;91,944;FTL
13;8/30/2021;August;Turkey;Istanbul;UK;Air;334;22;0;334;220;1,584;LTL
14;8/30/2021;August;Spain;Madrid;DE;Road;22412;926;0;22412;9260;66,672;FTL
15;8/30/2021;August;Spain;Barcelona;DE;Road;20590;970;0;20590;9700;69,84;FTL
16;8/30/2021;August;Spain;Barcelona;DE;Road;7348;293;0;7348;2930;21,096;FTL
17;8/30/2021;August;Spain;Barcelona;DE;Road;13162;957;0;13162;9570;68,904;FTL
18;8/30/2021;August;Spain;Barcelona;DE;Road;15389;754;0;15389;7540;54,288;FTL
19;8/30/2021;August;Spain;Barcelona;DE;Road;12871;861;0;12871;8610;61,992;FTL
20;8/30/2021;August;Turkey;Istanbul;US;Sea;18457;994;0;18457;9940;71,568;FCL
21;8/30/2021;August;Turkey;Istanbul;US;Sea;18584;872;0;18584;8720;62,784;FCL
22;9/6/2021;September;Turkey;Istanbul;US;Sea;22357;907;0;22357;9070;65,304;FCL
23;9/6/2021;September;Turkey;Istanbul;US;Sea;24333;1001;0;24333;10010;72,072;FCL
24;9/6/2021;September;Turkey;Istanbul;US;Sea;24488;970;0;24488;;;FCL
25;9/6/2021;September;Turkey;Istanbul;US;Sea;4628;181;0;4628;1810;13,032;FCL
26;9/6/2021;September;Turkey;Istanbul;US;Sea;17166;895;0;17166;8950;64,44;FCL
27;9/6/2021;September;Turkey;Istanbul;US;Sea;19011;1015;0;19011;10150;73,08;FCL
28;9/6/2021;September;Turkey;Istanbul;US;Sea;24831;898;0;24831;8980;64,656;FCL
29;9/6/2021;September;Turkey;Istanbul;US;Sea;27581;1051;0;27581;10510;75,672;FCL
30;9/6/2021;September;Turkey;Istanbul;US;Sea;25927;905;0;25927;9050;65,16;FCL
31;9/6/2021;September;Turkey;Istanbul;US;Sea;22689;1055;0;22689;10550;75,96;FCL
32;9/6/2021;September;Turkey;Istanbul;US;Sea;9057;200;0;9057;2000;14,4;FCL
33;9/6/2021;September;Turkey;Istanbul;UK;Road;6941;336;0;6941;3360;24,192;LTL
34;9/6/2021;September;Turkey;Istanbul;UK;Road;27680;1299;0;27680;12990;93,528;FTL
35;9/6/2021;September;Turkey;Istanbul;DE;Road;23450;1369;0;23450;13690;98,568;FTL
36;9/6/2021;September;Turkey;Istanbul;DE;Road;28849;1300;0;28849;13000;93,6;FTL
37;9/6/2021;September;Turkey;Istanbul;UK;Road;16849;1329;0;16849;13290;95,688;FTL
38;9/6/2021;September;Turkey;Istanbul;UK;Road;18616;1202;0;18616;12020;86,544;FTL
39;9/6/2021;September;Turkey;Istanbul;UK;Road;29766;1382;0;29766;13820;99,504;FTL
40;9/6/2021;September;Turkey;Istanbul;UK;Road;15137;1266;0;15137;12660;91,152;FTL
41;9/6/2021;September;Turkey;Istanbul;UK;Road;21255;1388;0;21255;13880;99,936;FTL
42;9/6/2021;September;Turkey;Istanbul;UK;Road;36485;1350;0;36485;13500;97,2;FTL
43;9/6/2021;September;Turkey;Istanbul;UK;Road;73660;1158;0;73660;11580;83,376;FTL
44;9/6/2021;September;Turkey;Istanbul;DE;Road;7304;353;0;7304;3530;25,416;LTL
45;9/6/2021;September;Turkey;Istanbul;DE;Road;26048;1498;0;26048;14980;107,856;FTL
46;9/6/2021;September;Turkey;Istanbul;DE;Road;24109;1327;0;24109;13270;95,544;FTL
47;9/6/2021;September;Turkey;Istanbul;DE;Road;29095;1251;1351;30446;13861;90,072;FTL
48;9/6/2021;September;Turkey;Istanbul;DE;Road;23699;1217;0;23699;12170;87,624;FTL
49;9/6/2021;September;Turkey;Istanbul;DE;Road;42274;1264;0;42274;12640;91,008;FTL
50;9/6/2021;September;Turkey;Istanbul;DE;Road;27165;1274;0;27165;12740;91,728;FTL
51;9/6/2021;September;Spain;Barcelona;DE;Road;9910;782;0;9910;7820;56,304;FTL
52;9/6/2021;September;Spain;Barcelona;DE;Road;11000;760;0;11000;7600;54,72;FTL
53;9/6/2021;September;Spain;Barcelona;DE;Road;16509;998;0;16509;9980;71,856;FTL
54;9/6/2021;September;Spain;Barcelona;DE;Road;17644;1024;0;17644;10240;73,728;FTL
55;9/6/2021;September;Spain;Madrid;DE;Road;14655;739;0;14655;7390;53,208;FTL
56;9/6/2021;September;Spain;Madrid;DE;Road;19613;1075;0;19613;10750;77,4;FTL
57;9/6/2021;September;Spain;Madrid;DE;Road;18171;931;0;18171;9310;67,032;FTL
58;9/6/2021;September;Spain;Madrid;DE;Road;15526;881;0;15526;8810;63,432;FTL
59;9/6/2021;September;Spain;Barcelona;DE;Road;22045;893;0;22045;8930;64,296;FTL
60;9/6/2021;September;Spain;Barcelona;DE;Road;10686;487;0;10686;4870;35,064;FTL
61;9/6/2021;September;Spain;Barcelona;DE;Road;22829;800;0;22829;8000;57,6;FTL
62;9/13/2021;September;Spain;Barcelona;DE;Road;0;0;0;0;0;0;FTL
63;9/13/2021;September;Spain;Barcelona;DE;Road;22412;926;0;22412;9260;66,672;FTL
64;9/13/2021;September;Turkey;Istanbul;UK;Road;27041;1213;0;27041;12130;87,336;FTL
65;9/13/2021;September;Turkey;Istanbul;UK;Road;23937;1310;0;23937;13100;94,32;FTL
66;9/13/2021;September;Turkey;Istanbul;UK;Road;26088;1407;0;26088;14070;101,304;FTL
67;9/13/2021;September;Turkey;Istanbul;UK;Road;19065;1041;0;19065;10410;74,952;FTL
68;9/13/2021;September;Turkey;Istanbul;UK;Road;28982;741;5269;34251;12679;53,352;FTL
69;9/13/2021;September;Turkey;Istanbul;UK;Road;25625;1357;0;25625;13570;97,704;FTL
70;9/13/2021;September;Turkey;Istanbul;UK;Road;23841;1255;0;23841;12550;90,36;FTL
71;9/13/2021;September;Turkey;Istanbul;DE;Road;26176;1089;2713;28889;13603;78,408;FTL
72;9/13/2021;September;Turkey;Istanbul;UK;Road;30388;1466;0;30388;14660;105,552;FTL
73;9/13/2021;September;Turkey;Istanbul;UK;Road;16762;1180;0;16762;11800;84,96;FTL
74;9/13/2021;September;Turkey;Istanbul;UK;Road;25188;1400;0;25188;14000;100,8;FTL
75;9/13/2021;September;Turkey;Istanbul;DE;Road;28602;1123;1677;30279;12907;80,856;FTL
76;9/13/2021;September;Turkey;Istanbul;DE;Road;32543;1273;0;32543;12730;91,656;FTL
77;9/13/2021;September;Turkey;Istanbul;DE;Road;25635;1435;0;25635;14350;103,32;FTL
78;9/13/2021;September;Turkey;Istanbul;DE;Road;19903;1258;0;19903;12580;90,576;FTL
79;9/13/2021;September;Turkey;Istanbul;UK;Road;88;36;0;88;360;2,592;LTL
80;9/13/2021;September;Spain;Barcelona;DE;Road;9979;561;0;9979;5610;40,392;FTL
81;9/13/2021;September;Spain;Barcelona;DE;Road;10926;768;0;10926;7680;55,296;FTL
82;9/13/2021;September;Spain;Barcelona;DE;Road;11477;589;0;11477;5890;42,408;FTL
83;9/13/2021;September;Spain;Barcelona;DE;Road;17170;794;0;17170;7940;57,168;FTL
84;9/13/2021;September;Spain;Barcelona;DE;Road;9789;634;0;9789;6340;45,648;FTL
85;9/13/2021;September;Spain;Barcelona;DE;Road;19611;897;0;19611;8970;64,584;FTL
86;9/13/2021;September;Spain;Barcelona;DE;Road;15262;596;0;15262;5960;42,912;FTL
87;9/13/2021;September;Spain;Barcelona;DE;Road;23652;830;0;23652;8300;59,76;FTL
88;9/13/2021;September;Spain;Barcelona;DE;Road;16256;906;0;16256;9060;65,232;FTL
89;9/13/2021;September;Spain;Barcelona;DE;Road;0;0;0;0;0;0;FTL
90;9/13/2021;September;Spain;Barcelona;DE;Road;18387;800;0;18387;8000;57,6;FTL
91;9/13/2021;September;Spain;Barcelona;DE;Road;7406;329;0;7406;3290;23,688;FTL
92;9/13/2021;September;Turkey;Istanbul;US;Sea;17627;807;0;17627;8070;58,104;FCL
93;9/13/2021;September;Turkey;Istanbul;US;Sea;18933;782;0;18933;7820;56,304;FCL
94;9/13/2021;September;Turkey;Istanbul;US;Sea;24228;938;0;24228;9380;67,536;FCL
95;9/13/2021;September;Turkey;Istanbul;US;Sea;20020;838;0;20020;8380;60,336;FCL
96;9/20/2021;September;Spain;Madrid;DE;Road;19553;866;0;19553;8660;62,352;FTL
97;9/20/2021;September;Spain;Madrid;DE;Road;15942;876;0;15942;8760;63,072;FTL
98;9/20/2021;September;Spain;Madrid;DE;Road;13944;678;0;13944;6780;48,816;FTL
99;9/20/2021;September;Spain;Madrid;DE;Road;3273;365;0;3273;3650;26,28;FTL
100;9/20/2021;September;Spain;Madrid;DE;Road;26450;719;0;26450;7190;51,768;FTL
101;9/20/2021;September;Spain;Madrid;DE;Road;4269;1126;0;4269;11260;81,072;FTL
102;9/20/2021;September;Spain;Barcelona;DE;Road;18948;902;0;18948;9020;64,944;FTL
103;9/20/2021;September;Spain;Barcelona;DE;Road;20673;897;0;20673;8970;64,584;FTL
104;9/20/2021;September;Spain;Barcelona;DE;Road;12149;1028;0;12149;10280;74,016;FTL
105;9/20/2021;September;Spain;Barcelona;DE;Road;13522;1025;0;13522;10250;73,8;FTL
106;9/20/2021;September;Turkey;;UK;Road;13830;1132;0;13830;11320;81,504;FTL
107;9/20/2021;September;Turkey;Istanbul;UK;Road;21226;1292;0;21226;12920;93,024;FTL
108;9/20/2021;September;Turkey;Istanbul;DE;Road;24421;1161;0;24421;11610;83,592;FTL
109;9/20/2021;September;Turkey;Istanbul;DE;Road;17956;1113;0;17956;11130;80,136;FTL
110;9/20/2021;September;Turkey;Istanbul;UK;Road;23023;1197;3068;26091;15038;86,184;FTL
111;9/20/2021;September;Turkey;Istanbul;DE;Road;17470;1137;2313;19783;13683;81,864;FTL
112;9/20/2021;September;Turkey;Istanbul;DE;Road;32685;1303;0;32685;13030;93,816;FTL
113;9/20/2021;September;Turkey;Istanbul;DE;Road;45264;1295;0;45264;12950;93,24;FTL
114;9/20/2021;September;Turkey;Istanbul;DE;Road;4188;171;0;4188;1710;12,312;LTL
115;9/20/2021;September;Turkey;Istanbul;DE;Road;4847;295;0;4847;2950;21,24;LTL
116;9/20/2021;September;Turkey;Istanbul;DE;Road;25007;1308;0;25007;13080;94,176;FTL
117;9/20/2021;September;Turkey;Istanbul;DE;Road;2168;94;0;2168;940;6,768;LTL
118;9/20/2021;September;Turkey;Istanbul;UK;Road;12923;1173;0;12923;11730;84,456;FTL
119;9/20/2021;September;Turkey;Istanbul;UK;Road;30547;1550;0;30547;15500;111,6;FTL
120;9/20/2021;September;Turkey;Istanbul;UK;Road;30804;1168;3426;34230;15106;84,096;LTL
121;9/20/2021;September;Turkey;Istanbul;UK;Road;24886;1306;0;24886;13060;94,032;FTL
122;9/20/2021;September;Turkey;Istanbul;UK;Road;18949;1250;0;18949;12500;90;FTL
123;9/20/2021;September;Turkey;Istanbul;UK;Road;13881;1244;0;13881;12440;89,568;FTL
124;9/20/2021;September;Turkey;Istanbul;UK;Road;20581;1314;0;20581;13140;94,608;FTL
125;9/20/2021;September;Turkey;Istanbul;UK;Road;71354;1249;0;71354;12490;89,928;FTL
126;9/20/2021;September;Turkey;Istanbul;UK;Air;498;18;0;498;180;1,296;FTL
127;9/27/2021;September;Turkey;Istanbul;UK;Road;13881;1244;0;13881;12440;89,568;FTL
128;9/27/2021;September;Turkey;Istanbul;UK;Road;24835;1264;0;24835;12640;91,008;FTL
129;9/27/2021;September;Turkey;Istanbul;UK;Road;48670;1338;0;48670;13380;96,336;FTL
130;9/27/2021;September;Turkey;Istanbul;UK;Road;39234;1381;0;39234;13810;99,432;FTL
131;9/27/2021;September;Turkey;Istanbul;UK;Road;23349;1282;0;23349;12820;92,304;FTL
132;9/27/2021;September;Turkey;Istanbul;UK;Road;12883;842;0;12883;8420;60,624;LTL
133;9/27/2021;September;Turkey;Istanbul;DE;Road;28459;1386;0;28459;13860;99,792;FTL
134;9/27/2021;September;Turkey;Istanbul;UK;Road;19863;1256;0;19863;12560;90,432;FTL
135;9/27/2021;September;Turkey;Istanbul;DE;Road;28307;1364;0;28307;13640;98,208;FTL
136;9/27/2021;September;Turkey;Istanbul;DE;Road;24151;1301;0;24151;13010;93,672;FTL
137;9/27/2021;September;;Istanbul;UK;Road;20820;1361;0;20820;13610;97,992;FTL
138;9/27/2021;September;Turkey;Istanbul;UK;Road;3470;221;0;3470;2210;15,912;LTL
139;9/27/2021;September;Turkey;Istanbul;DE;Road;22848;1229;0;22848;12290;88,488;FTL
140;9/27/2021;September;Turkey;Istanbul;DE;Road;48413;1343;0;48413;13430;96,696;FTL
141;9/27/2021;September;Turkey;Istanbul;DE;Road;32110;1295;0;32110;12950;93,24;FTL
142;9/27/2021;September;Turkey;Istanbul;DE;Road;29454;1287;0;29454;12870;92,664;FTL
143;9/27/2021;September;Spain;Barcelona;DE;Road;19978;718;0;19978;7180;51,696;FTL
144;9/27/2021;September;Spain;Barcelona;DE;Road;13398;793;0;13398;7930;57,096;FTL
145;9/27/2021;September;Spain;Madrid;DE;Road;16939;692;0;16939;6920;49,824;FTL
146;9/27/2021;September;Spain;Barcelona;DE;Road;17591;736;0;17591;7360;52,992;FTL
147;9/27/2021;September;Spain;Barcelona;DE;Road;9770;1033;0;9770;10330;74,376;FTL
148;9/27/2021;September;Spain;Barcelona;DE;Road;13867;763;0;13867;7630;54,936;FTL
149;9/27/2021;September;Spain;Barcelona;DE;Road;13114;711;0;13114;7110;51,192;FTL
150;9/27/2021;September;Spain;Barcelona;DE;Road;13418;920;0;13418;9200;66,24;FTL
151;9/27/2021;September;Spain;Barcelona;DE;Road;12284;847;0;12284;8470;60,984;FTL
152;9/27/2021;September;Spain;Madrid;DE;Road;21828;913;0;21828;9130;65,736;FTL
153;9/27/2021;September;Spain;Barcelona;DE;Road;17180;969;0;17180;9690;69,768;FTL
154;9/27/2021;September;Spain;Barcelona;DE;Road;11297;738;0;11297;7380;53,136;FTL
155;9/27/2021;September;Spain;Barcelona;DE;Road;13234;896;0;13234;8960;64,512;FTL
156;9/27/2021;September;Turkey;Istanbul;US;Sea;4679;172;0;4679;1720;12,384;FCL
157;10/4/2021;October;Turkey;Istanbul;UK;Road;45409;1224;0;45409;12240;88,128;FTL
158;10/4/2021;October;Turkey;Istanbul;UK;Road;28973;1332;0;28973;13320;95,904;FTL
159;10/4/2021;October;Turkey;Istanbul;UK;Road;25904;1380;0;25904;13800;99,36;FTL
160;10/4/2021;October;Turkey;Istanbul;UK;Road;21263;1243;0;21263;12430;89,496;FTL
161;10/4/2021;October;Turkey;Istanbul;UK;Road;29808;1064;0;29808;10640;76,608;LTL
162;10/4/2021;October;Turkey;Istanbul;UK;Road;23800;1412;0;23800;14120;101,664;FTL
163;10/4/2021;October;Turkey;Istanbul;UK;Road;31090;1275;0;31090;12750;91,8;FTL
164;10/4/2021;October;Turkey;Istanbul;DE;Road;20607;1235;0;20607;12350;88,92;FTL
165;10/4/2021;October;Turkey;Istanbul;DE;Road;35367;1375;0;35367;13750;99;FTL
166;10/4/2021;October;Turkey;Istanbul;DE;Road;38761;1222;0;38761;12220;87,984;FTL
167;10/4/2021;October;Turkey;Istanbul;DE;Road;15207;926;4609;19816;13869;66,672;FTL
168;10/4/2021;October;Turkey;Istanbul;DE;Road;22367;1043;0;22367;10430;75,096;FTL
169;10/4/2021;October;Spain;Barcelona;DE;Road;11513;870;0;11513;8700;62,64;FTL
170;10/4/2021;October;Spain;Barcelona;DE;Road;11967;900;0;11967;9000;64,8;FTL
171;10/4/2021;October;Spain;Barcelona;DE;Road;11513;870;0;11513;8700;62,64;FTL
172;10/4/2021;October;Spain;Barcelona;DE;Road;8694;640;0;8694;6400;46,08;FTL
173;10/4/2021;October;Spain;Barcelona;DE;Road;5957;445;0;5957;4450;32,04;FTL
174;10/4/2021;October;Spain;Barcelona;DE;Road;5321;561;0;5321;5610;40,392;FTL
175;10/4/2021;October;Spain;Barcelona;DE;Road;11408;785;0;11408;7850;56,52;FTL
176;10/4/2021;October;Spain;Barcelona;DE;Road;7919;507;0;7919;5070;36,504;FTL
177;10/4/2021;October;Spain;Barcelona;DE;Road;12488;854;0;12488;8540;61,488;FTL
178;10/4/2021;October;Spain;Madrid;DE;Road;10429;659;0;10429;6590;47,448;FTL
179;10/4/2021;October;Spain;Barcelona;DE;Road;13627;830;0;13627;8300;59,76;FTL
180;10/4/2021;October;Spain;Barcelona;DE;Road;5548;507;0;5548;5070;36,504;FTL
181;10/4/2021;October;Spain;Madrid;DE;Road;10556;471;0;10556;4710;33,912;FTL
182;10/4/2021;October;Spain;Barcelona;DE;Road;8776;744;0;8776;7440;53,568;FTL
183;10/4/2021;October;Spain;Barcelona;DE;Road;11181;774;0;11181;7740;55,728;FTL
184;10/4/2021;October;Spain;Barcelona;DE;Road;3467;476;0;3467;4760;34,272;FTL
185;10/4/2021;October;Turkey;Istanbul;UK;Air;1458;48;0;1458;480;3,456;LTL
186;10/4/2021;October;Turkey;Istanbul;DE;Air;337;12;0;337;120;0,864;LTL
187;10/4/2021;October;Turkey;Istanbul;US;Air;414;8;0;414;80;0,576;LTL
188;10/4/2021;October;Turkey;Istanbul;US;Air;478;53;0;478;530;3,816;LTL
189;10/4/2021;October;Turkey;Istanbul;US;Air;20;3;0;20;30;0,216;LTL
190;10/4/2021;October;Turkey;Istanbul;US;Sea;11282;689;0;11282;6890;49,608;FCL
191;10/4/2021;October;Turkey;Istanbul;US;Sea;3784;276;0;3784;2760;19,872;FCL
192;10/4/2021;October;Turkey;Istanbul;US;Sea;23447;765;0;23447;7650;55,08;FCL
193;10/4/2021;October;Turkey;Istanbul;US;Sea;25927;905;0;25927;9050;65,16;FCL
194;10/4/2021;October;Turkey;Istanbul;US;Sea;4628;181;0;4628;1810;13,032;FCL
195;10/11/2021;October;Spain;Barcelona;DE;Road;8694;640;0;8694;6400;46,08;FTL
196;10/11/2021;October;Spain;Madrid;DE;Road;5957;445;0;5957;4450;32,04;FTL
197;10/11/2021;October;Spain;Barcelona;DE;Road;5321;561;0;5321;5610;40,392;FTL
198;10/11/2021;October;Spain;Barcelona;DE;Road;13627;830;0;13627;8300;59,76;FTL
199;10/11/2021;October;Turkey;Istanbul;US;Air;333;8;0;333;80;0,576;LTL
200;10/11/2021;October;Turkey;Istanbul;US;Air;1099;69;0;1099;690;4,968;LTL
201;10/11/2021;October;Turkey;Istanbul;US;Sea;19424;983;0;19424;9830;70,776;FCL
202;10/11/2021;October;Turkey;Istanbul;US;Sea;16689;1010;0;16689;10100;72,72;FCL
203;10/11/2021;October;Turkey;Istanbul;US;Sea;6948;491;0;6948;4910;35,352;FCL
204;10/11/2021;October;Turkey;Istanbul;US;Sea;11617;863;0;11617;8630;62,136;FCL
205;10/11/2021;October;Turkey;Istanbul;US;Sea;18013;1077;0;18013;10770;77,544;FCL
206;10/11/2021;October;Turkey;Istanbul;US;Sea;12117;844;0;12117;8440;60,768;FCL
207;10/11/2021;October;Turkey;Istanbul;UK;Road;12938;947;4629;17567;14099;68,184;FTL
208;10/11/2021;October;Turkey;Istanbul;UK;Road;30202;1205;273;30475;12323;86,76;FTL
209;10/11/2021;October;Turkey;Istanbul;UK;Road;17496;1306;0;17496;13060;94,032;FTL
210;10/11/2021;October;Turkey;Istanbul;UK;Road;34167;1220;0;34167;12200;87,84;FTL
211;10/11/2021;October;Turkey;Istanbul;UK;Road;317;24;0;317;240;1,728;LTL
212;10/11/2021;October;Turkey;Istanbul;DE;Road;29204;1270;0;29204;12700;91,44;FTL
213;10/11/2021;October;Turkey;Istanbul;DE;Road;42387;1361;0;42387;13610;97,992;FTL
214;10/11/2021;October;Spain;Barcelona;DE;Road;12341;843;0;12341;8430;60,696;FTL
215;10/11/2021;October;Spain;Barcelona;DE;Road;14014;1077;0;14014;10770;77,544;FTL
216;10/11/2021;October;Spain;Barcelona;DE;Road;14589;834;0;14589;8340;60,048;FTL
217;10/11/2021;October;Spain;Barcelona;DE;Road;15466;979;0;15466;9790;70,488;FTL
218;10/11/2021;October;Spain;Barcelona;DE;Road;8595;665;0;8595;6650;47,88;FTL
219;10/11/2021;October;Spain;Barcelona;DE;Road;14960;932;0;14960;9320;67,104;FTL
220;10/11/2021;October;Spain;Barcelona;DE;Road;11214;697;0;11214;6970;50,184;FTL
221;10/11/2021;October;Spain;Barcelona;DE;Road;5584;836;0;5584;8360;60,192;FTL
222;10/11/2021;October;Spain;Barcelona;DE;Road;21301;889;0;21301;8890;64,008;FTL
223;10/11/2021;October;Spain;Madrid;DE;Road;5970;694;0;5970;6940;49,968;FTL
224;10/11/2021;October;Spain;Barcelona;DE;Road;16428;752;0;16428;7520;54,144;FTL
225;10/18/2021;October;Turkey;Istanbul;UK;Road;20161;1098;1000;21161;11980;79,056;FTL
226;10/18/2021;October;Turkey;Istanbul;UK;Road;30600;1014;0;30600;10140;73,008;LTL
227;10/18/2021;October;Turkey;Istanbul;UK;Road;32883;1421;0;32883;14210;102,312;FTL
228;10/18/2021;October;Turkey;Istanbul;UK;Road;24620;1130;925;25545;12225;81,36;FTL
229;10/18/2021;October;Turkey;Istanbul;UK;Road;34181;1469;0;34181;14690;105,768;FTL
230;10/18/2021;October;Turkey;Istanbul;DE;Road;23340;1243;137;23477;12567;89,496;FTL
231;10/18/2021;October;Turkey;Istanbul;DE;Road;28653;1207;0;28653;12070;86,904;FTL
232;10/18/2021;October;Turkey;Istanbul;DE;Road;31442;1067;0;31442;10670;76,824;FTL
233;10/18/2021;October;Turkey;Istanbul;DE;Road;31583;1251;0;31583;12510;90,072;FTL
234;10/18/2021;October;Turkey;Istanbul;DE;Road;9446;395;0;9446;3950;28,44;LTL
235;10/18/2021;October;Turkey;Istanbul;DE;Road;21678;1319;0;21678;13190;94,968;FTL
236;10/18/2021;October;Spain;Barcelona;DE;Road;11310;698;0;11310;6980;50,256;FTL
237;10/18/2021;October;Spain;Madrid;DE;Road;8055;557;0;8055;5570;40,104;FTL
238;10/18/2021;October;Spain;Barcelona;DE;Road;8835;663;0;8835;6630;47,736;FTL
239;10/18/2021;October;Spain;Barcelona;DE;Road;15962;804;0;15962;8040;57,888;FTL
240;10/18/2021;October;Spain;Barcelona;DE;Road;7727;750;0;7727;7500;54;FTL
241;10/18/2021;October;Spain;Barcelona;DE;Road;7029;553;0;7029;5530;39,816;FTL
242;10/18/2021;October;Spain;Barcelona;DE;Road;18094;875;0;18094;8750;63;FTL
243;10/18/2021;October;Spain;Barcelona;DE;Road;12871;508;0;12871;5080;36,576;FTL
244;10/18/2021;October;Spain;Madrid;DE;Road;18105;1018;0;18105;10180;73,296;FTL
245;10/18/2021;October;Spain;Madrid;DE;Road;12463;1132;0;12463;11320;81,504;FTL
246;10/18/2021;October;Spain;Barcelona;DE;Road;9221;1181;0;9221;11810;85,032;FTL
247;10/18/2021;October;Spain;Barcelona;DE;Road;11437;572;0;11437;5720;41,184;FTL
248;10/18/2021;October;Turkey;Istanbul;US;Sea;19851;1005;0;19851;10050;72,36;FCL
249;10/18/2021;October;Turkey;Istanbul;US;Sea;17851;821;0;17851;8210;59,112;FCL
250;10/18/2021;October;Turkey;Istanbul;US;Sea;18753;945;0;18753;9450;68,04;FCL
251;10/18/2021;October;Turkey;Istanbul;US;Sea;18958;1063;0;18958;10630;76,536;FCL
252;10/18/2021;October;Turkey;Istanbul;US;Sea;14816;771;0;14816;7710;55,512;FCL
253;10/25/2021;October;Turkey;Istanbul;UK;Road;27661;1260;0;27661;12600;90,72;FTL
254;10/25/2021;October;Turkey;Istanbul;UK;Road;36437;1137;1834;38271;13204;81,864;FTL
255;10/25/2021;October;Turkey;Istanbul;UK;Road;26989;1317;0;26989;13170;94,824;FTL
256;10/25/2021;October;Turkey;Istanbul;UK;Road;29094;834;0;29094;8340;60,048;LTL
257;10/25/2021;October;Turkey;Istanbul;UK;Road;34601;1379;0;34601;13790;99,288;FTL
258;10/25/2021;October;Turkey;Istanbul;UK;Road;32675;1345;0;32675;13450;96,84;FTL
259;10/25/2021;October;Turkey;Istanbul;UK;Road;30662;1339;0;30662;13390;96,408;FTL
260;10/25/2021;October;Turkey;Istanbul;UK;Road;33721;735;0;33721;7350;52,92;LTL
261;10/25/2021;October;Turkey;Istanbul;UK;Road;31767;1393;0;31767;13930;100,296;FTL
262;10/25/2021;October;Turkey;Istanbul;UK;Road;24133;1354;0;24133;13540;97,488;FTL
263;10/25/2021;October;Turkey;Istanbul;UK;Road;73620;1399;0;73620;13990;100,728;FTL
264;10/25/2021;October;Turkey;Istanbul;UK;Road;29033;1089;2432;31465;13322;78,408;FTL
265;10/25/2021;October;Turkey;Istanbul;DE;Road;23499;1271;0;23499;12710;91,512;FTL
266;10/25/2021;October;Turkey;Istanbul;DE;Road;26500;1288;0;26500;12880;92,736;FTL
267;10/25/2021;October;Turkey;Istanbul;DE;Road;36310;1271;0;36310;12710;91,512;FTL
268;10/25/2021;October;Turkey;Istanbul;DE;Road;38711;1250;0;38711;12500;90;FTL
269;10/25/2021;October;Turkey;Istanbul;DE;Road;9604;544;0;9604;5440;39,168;FTL
270;10/25/2021;October;Turkey;Istanbul;DE;Road;16453;795;6353;22806;14303;57,24;FTL
271;10/25/2021;October;Turkey;Istanbul;DE;Road;24450;1243;0;24450;12430;89,496;FTL
272;10/25/2021;October;Turkey;Istanbul;DE;Road;21853;1202;1200;23053;13220;86,544;FTL
273;10/25/2021;October;Spain;Barcelona;DE;Road;10974;885;0;10974;8850;63,72;FTL
274;10/25/2021;October;Spain;Madrid;DE;Road;6967;1166;0;6967;11660;83,952;FTL
275;10/25/2021;October;Spain;Barcelona;DE;Road;16416;982;0;16416;9820;70,704;FTL
276;10/25/2021;October;Spain;Barcelona;DE;Road;16940;553;0;16940;5530;39,816;FTL
277;10/25/2021;October;Spain;Barcelona;DE;Road;10500;777;0;10500;7770;55,944;FTL
278;10/25/2021;October;Spain;Barcelona;DE;Road;15235;996;0;15235;9960;71,712;FTL
279;10/25/2021;October;Spain;Madrid;DE;Road;8746;608;0;8746;6080;43,776;FTL
280;10/25/2021;October;Spain;Barcelona;DE;Road;6001;689;0;6001;6890;49,608;FTL
281;10/25/2021;October;Spain;Barcelona;DE;Road;6241;587;0;6241;5870;42,264;FTL
282;10/25/2021;October;Spain;Barcelona;DE;Road;10300;1060;0;10300;10600;76,32;FTL
283;10/25/2021;October;Spain;Barcelona;DE;Road;13288;875;0;13288;8750;63;FTL
284;10/25/2021;October;Turkey;Istanbul;US;Sea;17572;950;0;17572;9500;68,4;FCL
285;10/25/2021;October;Turkey;Istanbul;US;Sea;8711;516;0;8711;5160;37,152;FCL
286;10/25/2021;October;Turkey;Istanbul;US;Sea;15713;957;0;15713;9570;68,904;FCL
287;10/25/2021;October;Turkey;Istanbul;US;Sea;17855;977;0;17855;9770;70,344;FCL
288;10/25/2021;October;Turkey;Istanbul;US;Sea;25818;1014;0;25818;10140;73,008;FCL
289;10/25/2021;October;Turkey;Istanbul;US;Sea;19424;983;0;19424;9830;70,776;FCL
290;10/25/2021;October;Turkey;Istanbul;US;Sea;19851;1005;0;19851;10050;72,36;FCL
291;10/25/2021;October;Turkey;Istanbul;US;Sea;18933;782;0;18933;7820;56,304;FCL
292;10/25/2021;October;Turkey;Istanbul;US;Air;414;8;0;414;80;0,576;LTL
293;10/25/2021;October;Turkey;Istanbul;US;Air;478;53;0;478;530;3,816;LTL
294;10/25/2021;October;Turkey;Istanbul;US;Air;20;3;0;20;30;0,216;LTL
295;10/25/2021;October;Turkey;Istanbul;US;Air;333;8;0;333;80;0,576;LTL
296;11/1/2021;November;Turkey;Istanbul;US;Sea;14857;921;0;14857;9210;66,312;FCL
297;11/1/2021;November;Turkey;Istanbul;UK;Road;26298;1329;0;26298;13290;95,688;FTL
298;11/1/2021;November;Turkey;Istanbul;UK;Road;33738;1271;0;33738;12710;91,512;FTL
299;11/1/2021;November;Turkey;Istanbul;UK;Road;29398;1313;0;29398;13130;94,536;FTL
300;11/1/2021;November;Turkey;Istanbul;UK;Road;36488;1317;0;36488;13170;94,824;FTL
301;11/1/2021;November;Turkey;Istanbul;UK;Road;33069;1181;0;33069;11810;85,032;FTL
302;11/1/2021;November;Turkey;Istanbul;DE;Road;28137;1262;0;28137;12620;90,864;FTL
303;11/1/2021;November;Turkey;Istanbul;DE;Road;37533;994;0;37533;9940;71,568;LTL
304;11/1/2021;November;Turkey;Istanbul;DE;Road;42366;1236;0;42366;12360;88,992;FTL
305;11/1/2021;November;Turkey;Istanbul;DE;Road;36253;1139;1586;37839;12976;82,008;FTL
306;11/1/2021;November;Turkey;Istanbul;DE;Road;30050;1276;0;30050;12760;91,872;FTL
307;11/1/2021;November;Spain;Barcelona;DE;Road;15022;921;0;15022;9210;66,312;FTL
308;11/1/2021;November;Spain;Barcelona;DE;Road;15633;1086;0;15633;10860;78,192;FTL
309;11/1/2021;November;Spain;Madrid;DE;Road;15125;867;0;15125;8670;62,424;FTL
310;11/1/2021;November;Spain;Barcelona;DE;Road;18881;666;0;18881;6660;47,952;FTL
311;11/1/2021;November;Spain;Barcelona;DE;Road;14533;942;0;14533;9420;67,824;FTL
312;11/1/2021;November;Spain;Barcelona;DE;Road;8779;573;0;8779;5730;41,256;FTL
313;11/1/2021;November;Spain;Madrid;DE;Road;6501;492;0;6501;4920;35,424;FTL
314;11/1/2021;November;Spain;Barcelona;DE;Road;11211;745;0;11211;7450;53,64;FTL
315;11/8/2021;November;Turkey;Istanbul;UK;Road;42808;1341;0;42808;13410;96,552;FTL
316;11/8/2021;November;Turkey;Istanbul;UK;Road;30024;1475;0;30024;14750;106,2;FTL
317;11/8/2021;November;Turkey;Istanbul;UK;Road;22161;1274;0;22161;12740;91,728;FTL
318;11/8/2021;November;Turkey;Istanbul;UK;Road;15364;993;4283;19647;14213;71,496;FTL
319;11/8/2021;November;Turkey;Istanbul;UK;Road;25757;1321;0;25757;13210;95,112;FTL
320;11/8/2021;November;Turkey;Istanbul;UK;Road;51976;1477;0;51976;14770;106,344;FTL
321;11/8/2021;November;Turkey;Istanbul;UK;Road;2838;237;0;2838;2370;17,064;LTL
322;11/8/2021;November;Turkey;Istanbul;DE;Road;21070;1096;2993;24063;13953;78,912;FTL
323;11/8/2021;November;Turkey;Istanbul;DE;Road;12183;1358;0;12183;13580;97,776;FTL
324;11/8/2021;November;Turkey;Istanbul;DE;Road;7473;442;0;7473;4420;31,824;LTL
325;11/8/2021;November;Turkey;Istanbul;UK;Road;16429;1167;0;16429;11670;84,024;FTL
326;11/8/2021;November;Turkey;Istanbul;DE;Road;20731;1245;0;20731;12450;89,64;FTL
327;11/8/2021;November;Turkey;Istanbul;UK;Road;33168;1132;1907;35075;13227;81,504;FTL
328;11/8/2021;November;Turkey;Istanbul;DE;Road;15462;853;2540;18002;11070;61,416;FTL
329;11/8/2021;November;Turkey;Istanbul;DE;Road;21147;1333;0;21147;13330;95,976;FTL
330;11/8/2021;November;Turkey;Istanbul;DE;Road;29804;1202;0;29804;12020;86,544;FTL
331;11/8/2021;November;Turkey;Istanbul;UK;Road;30425;1354;0;30425;13540;97,488;FTL
332;11/8/2021;November;Turkey;Istanbul;DE;Road;24573;1366;0;24573;13660;98,352;FTL
333;11/8/2021;November;Turkey;Istanbul;DE;Road;27975;532;0;27975;5320;38,304;LTL
334;11/8/2021;November;Turkey;Istanbul;DE;Road;27926;1119;0;27926;11190;80,568;FTL
335;11/8/2021;November;Spain;Barcelona;DE;Road;15504;1161;0;15504;11610;83,592;FTL
336;11/8/2021;November;Spain;Barcelona;DE;Road;29587;850;0;29587;8500;61,2;FTL
337;11/8/2021;November;Spain;Barcelona;DE;Road;29026;845;0;29026;8450;60,84;FTL
338;11/8/2021;November;Spain;Barcelona;DE;Road;10565;510;0;10565;5100;36,72;FTL
339;11/8/2021;November;Spain;Barcelona;DE;Road;12452;498;0;12452;4980;35,856;FTL
340;11/8/2021;November;Spain;Madrid;DE;Road;14375;946;0;14375;9460;68,112;FTL
341;11/8/2021;November;Spain;Barcelona;DE;Road;3903;678;0;3903;6780;48,816;FTL
342;11/8/2021;November;Spain;Barcelona;DE;Road;11209;564;0;11209;5640;40,608;FTL
343;11/8/2021;November;Spain;Madrid;DE;Road;17560;981;0;17560;9810;70,632;FTL
344;11/8/2021;November;Spain;Barcelona;DE;Road;13032;1080;0;13032;10800;77,76;FTL
345;11/8/2021;November;Turkey;Istanbul;US;Sea;10362;306;0;10362;3060;22,032;FCL
346;11/8/2021;November;Turkey;Istanbul;US;Sea;21240;994;0;21240;9940;71,568;FCL
347;11/8/2021;November;Turkey;Istanbul;US;Sea;10362;306;0;10362;3060;22,032;FCL
348;11/8/2021;November;Turkey;Istanbul;US;Sea;21240;994;0;21240;9940;71,568;FCL
349;11/8/2021;November;Turkey;Istanbul;US;Sea;19543;880;0;19543;8800;63,36;FCL
350;11/15/2021;November;Turkey;Istanbul;UK;Road;16429;1167;0;16429;11670;84,024;FTL
351;11/15/2021;November;Turkey;Istanbul;UK;Road;19223;857;4554;23777;;;FTL
352;11/15/2021;November;Turkey;Istanbul;UK;Road;25242;1314;0;25242;13140;94,608;FTL
353;11/15/2021;November;Turkey;Istanbul;UK;Road;17869;1346;0;17869;13460;96,912;FTL
354;11/15/2021;November;Turkey;Istanbul;UK;Road;26532;1243;0;26532;12430;89,496;FTL
355;11/15/2021;November;Turkey;Istanbul;DE;Road;29911;1113;1776;31687;12906;80,136;FTL
356;11/15/2021;November;Spain;Madrid;DE;Road;14841;794;0;14841;7940;57,168;FTL
357;11/15/2021;November;Spain;Barcelona;DE;Road;9109;588;0;9109;5880;42,336;FTL
358;11/15/2021;November;Turkey;Istanbul;US;Air;138;6;0;138;60;0,432;LTL
359;11/15/2021;November;Turkey;Istanbul;US;Sea;10979;642;0;10979;6420;46,224;FCL
360;11/22/2021;November;Turkey;Istanbul;UK;Road;42235;1333;1217;43452;14547;95,976;FTL
361;11/22/2021;November;Turkey;Istanbul;UK;Road;49057;1296;0;49057;12960;93,312;FTL
362;11/22/2021;November;Turkey;Istanbul;UK;Road;26370;1328;0;26370;13280;95,616;FTL
363;11/22/2021;November;Turkey;Istanbul;UK;Road;30042;1356;0;30042;13560;97,632;FTL
364;11/22/2021;November;Turkey;Istanbul;UK;Road;32905;1310;0;32905;13100;94,32;FTL
365;11/22/2021;November;Turkey;Istanbul;UK;Road;46863;1413;0;46863;14130;101,736;FTL
366;11/22/2021;November;Turkey;Istanbul;UK;Road;31785;1398;0;31785;13980;100,656;FTL
367;11/22/2021;November;Turkey;Istanbul;UK;Road;25676;1290;0;25676;12900;92,88;FTL
368;11/22/2021;November;Turkey;Istanbul;UK;Road;13364;677;0;13364;6770;48,744;LTL
369;11/22/2021;November;Turkey;Istanbul;UK;Road;27331;1320;0;27331;13200;95,04;FTL
370;11/22/2021;November;Turkey;Istanbul;US;Sea;21473;1090;0;21473;10900;78,48;FCL
371;11/22/2021;November;Turkey;Istanbul;US;Sea;2245;181;0;2245;1810;13,032;FCL
372;11/22/2021;November;Turkey;Istanbul;US;Sea;17456;1072;0;17456;10720;77,184;FCL
373;11/29/2021;November;Turkey;Istanbul;US;Sea;27581;1051;0;27581;10510;75,672;FCL
374;11/29/2021;November;Turkey;Istanbul;US;Sea;6948;491;0;6948;4910;35,352;FCL
375;11/29/2021;November;Turkey;Istanbul;US;Sea;17851;821;0;17851;8210;59,112;FCL
376;11/29/2021;November;Turkey;Istanbul;US;Sea;17572;950;0;17572;9500;68,4;FCL
377;11/29/2021;November;Turkey;Istanbul;US;Sea;16689;1010;0;16689;10100;72,72;FCL
378;11/29/2021;November;Turkey;Istanbul;UK;Road;51976;1477;0;51976;14770;106,344;FTL
379;11/29/2021;November;Turkey;Istanbul;UK;Road;30024;1475;0;30024;14750;106,2;FTL
380;11/29/2021;November;Turkey;Istanbul;UK;Road;40708;1251;509;41217;13019;90,072;FTL
381;11/29/2021;November;Turkey;Istanbul;UK;Road;25023;1203;0;25023;12030;86,616;FTL
382;11/29/2021;November;Turkey;Istanbul;UK;Road;23836;1201;0;23836;12010;86,472;FTL
383;11/29/2021;November;Turkey;Istanbul;UK;Road;34906;1185;714;35620;12564;85,32;FTL
384;11/29/2021;November;Turkey;Istanbul;UK;Road;41624;1108;0;41624;11080;79,776;FTL
385;11/29/2021;November;Turkey;Istanbul;UK;Road;4970;192;0;4970;1920;13,824;FTL
386;11/29/2021;November;Turkey;Istanbul;US;Sea;18506;1069;0;18506;10690;76,968;FCL
387;11/29/2021;November;Turkey;Istanbul;US;Sea;16870;960;0;16870;9600;69,12;FCL
388;11/29/2021;November;Turkey;Istanbul;US;Sea;21798;881;0;21798;8810;63,432;FCL
389;12/6/2021;December;Turkey;Istanbul;US;Sea;18182;937;0;18182;9370;67,464;FCL
390;12/6/2021;December;Turkey;Istanbul;UK;Road;18985;1399;0;18985;13990;100,728;FTL
391;12/6/2021;December;Turkey;Istanbul;UK;Road;38760;1400;0;38760;14000;100,8;FTL
392;12/6/2021;December;Turkey;Istanbul;UK;Road;51007;1344;0;51007;13440;96,768;FTL
393;12/6/2021;December;Turkey;Istanbul;UK;Road;24144;1362;0;24144;13620;98,064;FTL
394;12/6/2021;December;Turkey;Istanbul;UK;Road;34403;1381;0;34403;13810;99,432;FTL
395;12/6/2021;December;Turkey;Istanbul;UK;Road;19327;672;1717;21044;8437;48,384;FTL
396;12/6/2021;December;Turkey;Istanbul;DE;Road;40813;1365;0;40813;13650;98,28;FTL
397;12/6/2021;December;Turkey;Istanbul;DE;Road;25349;1273;0;25349;12730;91,656;FTL
398;12/6/2021;December;Turkey;Istanbul;DE;Road;27780;1254;0;27780;12540;90,288;FTL
399;12/6/2021;December;Turkey;Istanbul;DE;Road;19071;1199;0;19071;11990;86,328;FTL
400;12/6/2021;December;Turkey;Istanbul;DE;Road;16961;1273;0;16961;12730;91,656;FTL
401;12/6/2021;December;Spain;Barcelona;DE;Road;26975;997;0;26975;9970;71,784;FTL
402;12/6/2021;December;Spain;Barcelona;DE;Road;19996;777;0;19996;7770;55,944;FTL
403;12/6/2021;December;Spain;Barcelona;DE;Road;13436;769;0;13436;7690;55,368;FTL
404;12/6/2021;December;Spain;Barcelona;DE;Road;18063;975;0;18063;9750;70,2;FTL
405;12/6/2021;December;Spain;Barcelona;DE;Road;18822;738;0;18822;7380;53,136;FTL
406;12/13/2021;December;Turkey;Istanbul;UK;Road;47136;1428;0;47136;14280;102,816;FTL
407;12/13/2021;December;Turkey;Istanbul;UK;Road;30744;1209;0;30744;12090;87,048;FTL
408;12/13/2021;December;Turkey;Istanbul;UK;Road;23701;1236;0;23701;12360;88,992;FTL
409;12/13/2021;December;Turkey;Istanbul;UK;Road;25396;1492;0;25396;14920;107,424;FTL
410;12/13/2021;December;Turkey;Istanbul;UK;Road;28107;1357;0;28107;13570;97,704;FTL
411;12/13/2021;December;Turkey;Istanbul;UK;Road;33537;862;0;33537;8620;62,064;FTL
412;12/13/2021;December;Turkey;Istanbul;UK;Road;11338;453;7836;19174;12366;32,616;FTL
413;12/13/2021;December;Turkey;Istanbul;UK;Road;32861;1381;0;32861;13810;99,432;FTL
414;12/13/2021;December;Turkey;Istanbul;DE;Road;30997;1338;0;30997;13380;96,336;FTL
415;12/13/2021;December;Turkey;Istanbul;DE;Road;10746;298;1259;12005;4239;21,456;FTL
416;12/13/2021;December;Turkey;Istanbul;DE;Road;37517;1230;0;37517;12300;88,56;FTL
417;12/13/2021;December;Turkey;Istanbul;DE;Road;91142;1207;0;91142;12070;86,904;FTL
418;12/13/2021;December;Turkey;Istanbul;DE;Road;24251;1527;0;24251;15270;109,944;FTL
419;12/13/2021;December;Turkey;Istanbul;DE;Road;22065;1184;0;22065;11840;85,248;FTL
420;12/13/2021;December;Spain;Madrid;DE;Road;6583;584;0;6583;5840;42,048;FTL
421;12/13/2021;December;Spain;Barcelona;CZ;Road;5243;262;0;5243;2620;18,864;FTL
422;12/13/2021;December;Spain;Barcelona;DE;Road;13787;999;0;13787;9990;71,928;FTL
423;12/13/2021;December;Spain;Barcelona;CZ;Road;17839;765;0;17839;7650;55,08;FTL
424;12/13/2021;December;Spain;Barcelona;DE;Road;11874;827;0;11874;8270;59,544;FTL
425;12/13/2021;December;Spain;Barcelona;DE;Road;16207;834;0;16207;8340;60,048;FTL
426;12/13/2021;December;Spain;Barcelona;CZ;Road;28681;943;0;28681;9430;67,896;FTL
427;12/13/2021;December;Turkey;Istanbul;DE;Road;21291;1088;0;21291;10880;78,336;FTL
428;12/13/2021;December;Spain;Madrid;CZ;Road;28204;948;0;28204;9480;68,256;FTL
429;12/13/2021;December;Turkey;Istanbul;US;Sea;4340;323;0;4340;3230;23,256;FCL
430;12/13/2021;December;Turkey;Istanbul;US;Sea;15966;996;0;15966;9960;71,712;FCL
431;12/13/2021;December;Turkey;Istanbul;US;Sea;17437;943;0;17437;9430;67,896;FCL
432;12/13/2021;December;Turkey;Istanbul;US;Sea;17437;943;0;17437;9430;67,896;FCL
433;12/13/2021;December;Turkey;Istanbul;US;Sea;21240;994;0;21240;9940;71,568;FCL
434;12/13/2021;December;Turkey;Istanbul;US;Sea;18182;937;0;18182;9370;67,464;FCL
435;12/13/2021;December;Turkey;Istanbul;US;Sea;25818;1014;0;25818;10140;73,008;FCL
436;12/13/2021;December;Turkey;Istanbul;US;Sea;16689;1010;0;16689;10100;72,72;FCL
437;12/13/2021;December;Turkey;Istanbul;US;Sea;8711;516;0;8711;5160;37,152;FCL
438;12/13/2021;December;Turkey;Istanbul;US;Sea;10979;642;0;10979;6420;46,224;FCL
439;12/13/2021;December;Turkey;Istanbul;US;Sea;14857;921;0;14857;9210;66,312;FCL
440;12/20/2021;December;Turkey;Istanbul;UK;Road;28905;1408;0;28905;14080;101,376;FTL
441;12/20/2021;December;Turkey;Istanbul;UK;Road;29751;1229;0;29751;12290;88,488;FTL
442;12/20/2021;December;Turkey;Istanbul;UK;Road;78175;1301;0;78175;13010;93,672;FTL
443;12/20/2021;December;Turkey;Istanbul;UK;Road;26002;1438;0;26002;14380;103,536;FTL
444;12/20/2021;December;Turkey;Istanbul;UK;Road;27717;1377;0;27717;13770;99,144;FTL
445;12/20/2021;December;Turkey;Istanbul;DE;Road;18653;1313;0;18653;13130;94,536;FTL
446;12/20/2021;December;Turkey;Istanbul;DE;Road;42114;1304;0;42114;13040;93,888;FTL
447;12/20/2021;December;Turkey;Istanbul;UK;Road;29352;1286;0;29352;12860;92,592;FTL
448;12/20/2021;December;Turkey;Istanbul;UK;Road;21577;976;142;21719;9902;70,272;FTL
449;12/20/2021;December;Turkey;Istanbul;DE;Road;41287;1228;0;41287;12280;88,416;FTL
450;12/20/2021;December;Turkey;Istanbul;DE;Road;29816;1295;0;29816;12950;93,24;FTL
451;12/20/2021;December;Turkey;Istanbul;DE;Road;26866;1284;0;26866;12840;92,448;FTL
452;12/20/2021;December;Spain;Madrid;DE;Road;11116;812;0;11116;8120;58,464;FTL
453;12/20/2021;December;Spain;Barcelona;DE;Road;18351;756;0;18351;7560;54,432;FTL
454;12/20/2021;December;Spain;Barcelona;DE;Road;10257;596;0;10257;5960;42,912;FTL
455;12/20/2021;December;Spain;Barcelona;DE;Road;18012;815;18012;36024;26162;58,68;FTL
456;12/20/2021;December;Spain;Barcelona;DE;Road;6834;782;0;6834;7820;56,304;FTL
457;12/20/2021;December;Turkey;Istanbul;DE;Road;21304;1326;0;21304;13260;95,472;FTL
458;12/20/2021;December;Spain;Barcelona;CZ;Road;17176;604;0;17176;6040;43,488;FTL
459;12/27/2021;December;Turkey;Istanbul;UK;Road;22723;1035;0;22723;10350;74,52;FTL
460;12/27/2021;December;Turkey;Istanbul;DE;Road;20736;1158;0;20736;11580;83,376;FTL
461;12/27/2021;December;Turkey;Istanbul;DE;Road;47739;1173;815;48554;12545;84,456;FTL
462;12/27/2021;December;Turkey;Istanbul;UK;Road;44377;1337;0;44377;13370;96,264;FTL
463;12/27/2021;December;Turkey;Istanbul;DE;Road;13959;1277;0;13959;12770;91,944;FTL
464;12/27/2021;December;Turkey;Istanbul;DE;Road;39431;1301;0;39431;13010;93,672;FTL
465;12/27/2021;December;Turkey;Istanbul;DE;Road;24152;1159;0;24152;11590;83,448;FTL
466;12/27/2021;December;Turkey;Istanbul;DE;Road;25683;1244;660;26343;13100;89,568;FTL
467;12/27/2021;December;Turkey;Istanbul;DE;Road;25398;1337;0;25398;13370;96,264;FTL
468;12/27/2021;December;Turkey;Istanbul;DE;Road;24918;1232;0;24918;12320;88,704;FTL
469;12/27/2021;December;Turkey;Istanbul;UK;Road;12742;746;0;12742;7460;53,712;FTL
470;12/27/2021;December;Turkey;Istanbul;US;Sea;4253;196;0;4253;1960;17,441;FCL
471;12/27/2021;December;Turkey;Istanbul;US;Sea;14010;888;0;14010;8880;63,936;FCL
472;12/27/2021;December;Turkey;Istanbul;US;Sea;8554;453;0;8554;4530;32,616;FCL
473;12/27/2021;December;Turkey;Istanbul;US;Sea;17108;1038;0;17108;10380;74,736;FCL
474;12/27/2021;December;Turkey;Istanbul;US;Sea;17975;832;0;17975;8320;59,904;FCL
475;1/3/2022;January;Turkey;Istanbul;UK;Road;37709;1174;1402;39111;13142;84,528;FTL
476;1/3/2022;January;Turkey;Istanbul;UK;Road;28772;1164;1651;30423;13291;83,808;FTL
477;1/3/2022;January;Turkey;Istanbul;UK;Road;23552;1228;0;23552;12280;88,416;FTL
478;1/3/2022;January;Turkey;Istanbul;UK;Road;26032;1439;0;26032;14390;103,608;FTL
479;1/3/2022;January;Turkey;Istanbul;UK;Road;29411;1248;0;29411;12480;89,856;FTL
480;1/3/2022;January;Turkey;Istanbul;DE;Road;39250;1002;0;39250;10020;72,144;FTL
481;1/3/2022;January;Turkey;Istanbul;DE;Road;26645;1463;0;26645;14630;105,336;FTL
482;1/3/2022;January;Turkey;Istanbul;DE;Road;25858;1076;1650;27508;12410;77,472;FTL
483;1/3/2022;January;;;DE;Road;14700;823;0;14700;8230;59,256;FTL
484;1/3/2022;January;Turkey;Istanbul;US;Sea;18898;833;0;18898;8330;59,976;FCL
485;1/3/2022;January;Turkey;Istanbul;US;Sea;14949;1003;0;14949;10030;72,216;FCL
486;1/3/2022;January;Turkey;Istanbul;US;Sea;18602;972;0;18602;9720;69,984;FCL
487;1/3/2022;January;Turkey;Istanbul;US;Sea;17824;988;0;17824;9880;71,136;FCL
488;1/3/2022;January;Turkey;Istanbul;US;Sea;25818;1014;0;25818;10140;73,008;FCL
489;1/3/2022;January;Turkey;Istanbul;US;Sea;21798;881;0;21798;8810;63,432;FCL
490;1/3/2022;January;Turkey;Istanbul;US;Sea;14857;921;0;14857;9210;66,312;FCL
491;1/3/2022;January;Turkey;Istanbul;US;Sea;16689;1010;0;16689;10100;72,72;FCL
492;1/3/2022;January;Turkey;Istanbul;US;Sea;21240;994;0;21240;9940;66,44;FCL
493;1/3/2022;January;Turkey;Istanbul;US;Sea;6948;491;0;6948;4910;35,352;FCL
494;1/3/2022;January;Turkey;Istanbul;US;Sea;17851;821;0;17851;8210;59,112;FCL
495;1/10/2022;January;Turkey;Istanbul;UK;Road;30997;1402;0;30997;14020;100,944;FTL
496;1/10/2022;January;Turkey;Istanbul;UK;Road;23439;902;2067;25506;11087;64,944;FTL
497;1/10/2022;January;Turkey;Istanbul;UK;Road;32527;1278;0;32527;12780;92,016;FTL
498;1/10/2022;January;Turkey;Istanbul;DE;Road;30773;1277;0;30773;12770;91,944;FTL
499;1/10/2022;January;Turkey;Istanbul;UK;Road;30211;1322;0;30211;13220;95,184;FTL
500;1/10/2022;January;Turkey;Istanbul;UK;Road;21066;689;0;21066;6890;49,608;LTL
501;1/10/2022;January;Turkey;Istanbul;DE;Road;29473;1295;188;29661;13138;93,24;FTL
502;1/10/2022;January;Turkey;Istanbul;UK;Road;38728;1300;0;38728;13000;93,6;FTL
503;1/10/2022;January;Turkey;Istanbul;DE;Road;26423;1277;0;26423;12770;91,944;FTL
504;1/10/2022;January;Turkey;Istanbul;UK;Road;31233;1147;0;31233;11470;82,584;FTL
505;1/10/2022;January;Turkey;Istanbul;UK;Road;27985;895;0;27985;8950;64,44;FTL
506;1/10/2022;January;Turkey;Istanbul;UK;Road;33873;1396;826;34699;14786;100,512;FTL
507;1/10/2022;January;Turkey;Istanbul;UK;Road;25406;1153;0;25406;11530;83,016;FTL
508;1/10/2022;January;Turkey;Istanbul;DE;Road;35123;1335;0;35123;13350;96,12;FTL
509;1/10/2022;January;Turkey;Istanbul;UK;Road;36549;1240;0;36549;12400;89,28;FTL
510;1/10/2022;January;Spain;Madrid;DE;Road;5337;474;0;5337;4740;34,128;FTL
511;1/10/2022;January;Spain;Barcelona;DE;Road;23304;956;0;23304;9560;68,832;FTL
512;1/10/2022;January;Spain;Barcelona;DE;Road;12412;599;0;12412;5990;43,128;FTL
513;1/10/2022;January;Spain;Barcelona;DE;Road;16781;1024;0;16781;10240;73,728;FTL
514;1/10/2022;January;Spain;Barcelona;DE;Road;18002;940;0;18002;9400;67,68;FTL
515;1/10/2022;January;Spain;Barcelona;CZ;Road;20684;1232;0;20684;12320;88,704;FTL
516;1/10/2022;January;Spain;Barcelona;CZ;Road;30475;879;0;30475;8790;63,288;FTL
517;1/10/2022;January;Spain;Barcelona;DE;Road;21296;948;0;21296;9480;68,256;FTL
518;1/10/2022;January;Spain;Barcelona;DE;Road;12533;711;0;12533;7110;51,192;FTL
519;1/10/2022;January;Spain;Barcelona;CZ;Road;30218;846;0;30218;8460;60,912;FTL
520;1/10/2022;January;Spain;Barcelona;CZ;Road;3830;649;0;3830;6490;46,728;FTL
521;1/10/2022;January;Spain;Barcelona;CZ;Road;13719;908;0;13719;9080;65,376;FTL
522;1/10/2022;January;Turkey;Istanbul;US;Sea;2491;154;0;2491;1540;11,088;FCL
523;1/10/2022;January;Turkey;Istanbul;US;Sea;20119;1057;0;20119;10570;76,104;FCL
524;1/10/2022;January;Turkey;Istanbul;US;Sea;4253;196;0;4253;1960;14,112;FCL
525;1/10/2022;January;Turkey;Istanbul;US;Sea;14010;888;0;14010;8880;63,936;FCL
526;1/10/2022;January;Turkey;Istanbul;US;Sea;8554;453;0;8554;4530;32,616;FCL
527;1/10/2022;January;Turkey;Istanbul;US;Sea;17108;1038;0;17108;10380;74,736;FCL
528;1/10/2022;January;Turkey;Istanbul;US;Sea;17975;832;0;17975;8320;59,904;FCL
529;1/10/2022;January;Turkey;Istanbul;US;Sea;14949;1003;0;14949;10030;72,216;FCL
530;1/10/2022;January;Turkey;Istanbul;US;Sea;17824;988;0;17824;9880;71,136;FCL
531;1/17/2022;January;Turkey;Istanbul;DE;Road;24188;594;0;24188;5940;42,768;FTL
532;1/17/2022;January;Turkey;Istanbul;DE;Road;44929;1294;0;44929;12940;93,168;FTL
533;1/17/2022;January;Turkey;Istanbul;UK;Road;29757;1283;0;29757;12830;92,376;FTL
534;1/17/2022;January;Turkey;Istanbul;DE;Road;33997;1296;0;33997;12960;93,312;FTL
535;1/17/2022;January;Spain;Madrid;CZ;Road;18242;827;0;18242;8270;59,544;FTL
536;1/17/2022;January;Spain;Barcelona;CZ;Road;21480;862;0;21480;8620;62,064;FTL
537;1/17/2022;January;Spain;Barcelona;CZ;Road;15712;711;0;15712;7110;51,192;FTL
538;1/17/2022;January;Spain;Barcelona;CZ;Road;16387;486;0;16387;4860;34,992;FTL
539;1/17/2022;January;Spain;Barcelona;CZ;Road;21514;778;0;21514;7780;56,016;FTL
540;1/17/2022;January;Spain;Barcelona;CZ;Road;21126;918;0;21126;9180;66,096;FTL
541;1/17/2022;January;Spain;Barcelona;CZ;Road;20284;879;0;20284;8790;63,288;FTL
542;1/17/2022;January;Spain;Barcelona;CZ;Road;16282;1048;0;16282;10480;75,456;FTL
543;1/17/2022;January;Turkey;Istanbul;US;Sea;12517;990;0;12517;9900;71,28;FCL
544;1/17/2022;January;Turkey;Istanbul;US;Sea;14044;622;0;14044;6220;44,784;FCL
545;1/17/2022;January;Turkey;Istanbul;US;Sea;7178;262;0;7178;2620;18,864;FCL
546;1/24/2022;January;Turkey;Istanbul;US;Sea;13271;646;0;13271;6460;46,512;FCL
547;1/24/2022;January;Turkey;Istanbul;US;Sea;3927;309;0;3927;3090;22,248;FCL
548;1/24/2022;January;Turkey;Istanbul;US;Sea;17290;960;0;17290;9600;69,12;FCL
549;1/24/2022;January;Turkey;Istanbul;US;Sea;10228;725;0;10228;7250;52,2;FCL
550;1/24/2022;January;Turkey;Istanbul;US;Sea;17760;988;0;17760;9880;71,136;FCL
551;1/24/2022;January;Turkey;Istanbul;US;Sea;20119;1057;0;20119;10570;76,104;FCL
552;1/24/2022;January;Turkey;Istanbul;US;Sea;18602;972;0;18602;9720;69,984;FCL
553;1/24/2022;January;Turkey;Istanbul;US;Sea;2491;154;0;2491;1540;11,088;FCL
554;1/24/2022;January;Turkey;Istanbul;US;Sea;14044;622;0;14044;6220;44,784;FCL
555;1/24/2022;January;Turkey;Istanbul;UK;Road;40510;1219;0;40510;12190;87,768;FTL
556;1/24/2022;January;Turkey;Istanbul;UK;Road;21116;1441;0;21116;14410;103,752;FTL
557;1/24/2022;January;Turkey;Istanbul;UK;Road;27296;1292;0;27296;12920;93,024;FTL
558;1/24/2022;January;Turkey;Istanbul;UK;Road;29023;1300;0;29023;13000;93,6;FTL
559;1/24/2022;January;Turkey;Istanbul;UK;Road;37377;1392;0;37377;13920;100,224;FTL
560;1/24/2022;January;Turkey;Istanbul;DE;Road;16213;909;0;16213;9090;65,448;LTL
561;1/24/2022;January;Turkey;Istanbul;DE;Road;30547;1311;0;30547;13110;94,392;FTL
562;1/24/2022;January;Turkey;Istanbul;DE;Road;30950;1297;0;30950;12970;93,384;FTL
563;1/24/2022;January;Turkey;Istanbul;UK;Road;23140;653;0;23140;6530;47,016;LTL
564;1/24/2022;January;Turkey;Istanbul;DE;Road;60500;1275;0;60500;12750;91,8;FTL
565;1/24/2022;January;Spain;Barcelona;CZ;Road;9403;474;0;9403;4740;34,128;FTL
566;1/24/2022;January;Spain;Barcelona;CZ;Road;12861;582;0;12861;5820;41,904;FTL
567;1/24/2022;January;Spain;Barcelona;CZ;Road;24017;961;0;24017;9610;69,192;FTL
568;1/24/2022;January;Spain;Barcelona;CZ;Road;20652;998;0;20652;9980;71,856;FTL
569;1/24/2022;January;;;CZ;Road;15561;769;0;15561;7690;55,368;FTL
570;1/24/2022;January;Spain;Barcelona;CZ;Road;9619;583;0;9619;5830;41,976;FTL
571;1/24/2022;January;Spain;Barcelona;CZ;Road;12883;731;0;12883;7310;52,632;FTL
572;1/31/2022;January;Turkey;Istanbul;US;Sea;15828;768;0;15828;7680;55,296;FCL
573;1/31/2022;January;Turkey;Istanbul;US;Sea;6206;323;0;6206;3230;23,256;FCL
574;1/31/2022;January;Turkey;Istanbul;US;Sea;16842;678;0;16842;6780;48,816;FCL
575;1/31/2022;January;Turkey;Istanbul;US;Sea;17453;950;0;17453;9500;68,4;FCL
576;1/31/2022;January;Turkey;Istanbul;US;Sea;12302;705;0;12302;7050;50,76;FCL
577;1/31/2022;January;Turkey;Istanbul;UK;Road;40693;1327;0;40693;13270;95,544;FTL
578;1/31/2022;January;Turkey;Istanbul;UK;Road;54023;1269;0;54023;12690;91,368;FTL
579;1/31/2022;January;Turkey;Istanbul;UK;Road;33188;1325;0;33188;13250;95,4;FTL
580;1/31/2022;January;Turkey;Istanbul;UK;Road;35454;1324;0;35454;13240;95,328;FTL
581;1/31/2022;January;Turkey;Istanbul;UK;Road;22780;715;0;22780;7150;51,48;LTL
582;1/31/2022;January;Turkey;Istanbul;UK;Road;22882;1131;0;22882;11310;81,432;FTL
583;1/31/2022;January;Turkey;Istanbul;DE;Road;25525;1255;0;25525;12550;90,36;FTL
584;1/31/2022;January;Turkey;Istanbul;DE;Road;28195;1127;0;28195;11270;81,144;FTL
585;1/31/2022;January;Turkey;Istanbul;UK;Road;32653;1327;0;32653;13270;95,544;FTL
586;1/31/2022;January;Spain;Madrid;CZ;Road;21076;786;0;21076;7860;56,592;FTL
587;1/31/2022;January;Spain;Barcelona;CZ;Road;24025;779;0;24025;7790;56,088;FTL
588;1/31/2022;January;Spain;Barcelona;CZ;Road;26231;677;0;26231;6770;48,744;FTL
589;1/31/2022;January;Spain;Barcelona;CZ;Road;10517;482;0;10517;4820;34,704;FTL
590;1/31/2022;January;Spain;Barcelona;CZ;Road;16062;955;0;16062;9550;68,76;FTL
591;1/31/2022;January;Spain;Barcelona;CZ;Road;18862;934;0;18862;9340;67,248;FTL
592;1/31/2022;January;Spain;Barcelona;CZ;Road;5101;406;0;5101;4060;29,232;FTL
593;1/31/2022;January;Spain;Barcelona;CZ;Road;23227;1121;0;23227;11210;80,712;FTL
594;1/31/2022;January;Spain;Barcelona;CZ;Road;10129;568;0;10129;5680;40,896;FTL
595;2/7/2022;Febuary;Spain;Barcelona;CZ;Road;22200;984;0;22200;9840;70,848;FTL
596;2/7/2022;Febuary;Spain;Madrid;CZ;Road;21117;784;0;21117;7840;56,448;FTL
597;2/7/2022;Febuary;Spain;Barcelona;CZ;Road;16221;795;0;16221;7950;57,24;FTL
598;2/7/2022;Febuary;Spain;Barcelona;CZ;Road;13811;651;0;13811;6510;46,872;FTL
599;2/7/2022;Febuary;Spain;Barcelona;CZ;Road;12131;559;0;12131;5590;40,248;FTL
600;2/7/2022;Febuary;Spain;Barcelona;CZ;Road;23012;995;0;23012;9950;71,64;FTL
601;2/7/2022;Febuary;Turkey;Istanbul;US;Sea;21842;994;0;21842;9940;71,568;FCL
602;2/7/2022;Febuary;Turkey;Istanbul;US;Sea;21842;994;0;21842;9940;71,568;FCL
603;2/7/2022;Febuary;Turkey;Istanbul;US;Sea;17808;993;0;17808;9930;71,496;FCL
604;2/7/2022;Febuary;Turkey;Istanbul;US;Sea;17808;993;0;17808;9930;71,496;FCL
605;2/7/2022;Febuary;Turkey;Istanbul;US;Sea;12302;705;0;12302;7050;50,76;FCL
606;2/7/2022;Febuary;Turkey;Istanbul;UK;Road;70182;1237;0;70182;12370;89,064;FTL
607;2/7/2022;Febuary;Turkey;Istanbul;DE;Road;37828;1321;0;37828;13210;95,112;FTL
608;2/7/2022;Febuary;Turkey;Istanbul;DE;Road;25813;1049;2097;27910;12587;75,528;FTL
609;2/7/2022;Febuary;Turkey;Istanbul;UK;Road;17354;1035;3336;20690;13686;74,52;FTL
610;2/14/2022;Febuary;Turkey;Istanbul;US;Sea;11615;381;0;11615;3810;27,432;FCL
611;2/14/2022;Febuary;Spain;Madrid;CZ;Road;18957;956;0;18957;9560;68,832;FTL
612;2/14/2022;Febuary;Spain;Barcelona;CZ;Road;20988;515;0;20988;5150;37,08;FTL
613;2/14/2022;Febuary;Spain;Barcelona;CZ;Road;19156;618;0;19156;6180;44,496;FTL
614;2/14/2022;Febuary;Spain;Barcelona;CZ;Road;20811;660;0;20811;6600;47,52;FTL
615;2/14/2022;Febuary;Spain;Barcelona;CZ;Road;19382;814;0;19382;8140;58,608;FTL
616;2/14/2022;Febuary;Spain;Barcelona;CZ;Road;15094;715;0;15094;7150;51,48;FTL
617;2/14/2022;Febuary;Spain;Barcelona;CZ;Road;15911;686;0;15911;6860;49,392;FTL
618;2/14/2022;Febuary;Turkey;Istanbul;US;Sea;18506;1069;0;18506;10690;76,968;FCL
619;2/14/2022;Febuary;Turkey;Istanbul;US;Sea;16870;960;0;16870;9600;69,12;FCL
620;2/14/2022;Febuary;Turkey;Istanbul;US;Sea;21473;1090;0;21473;10900;78,48;FCL
621;2/14/2022;Febuary;Turkey;Istanbul;US;Sea;15713;957;0;15713;9570;68,904;FCL
622;2/14/2022;Febuary;Turkey;Istanbul;UK;Road;45490;1363;0;45490;13630;98,136;FTL
623;2/14/2022;Febuary;Turkey;Istanbul;DE;Road;29471;1020;0;29471;10200;73,44;LTL
624;2/14/2022;Febuary;Turkey;Istanbul;DE;Road;30484;1309;0;30484;13090;94,248;FTL
625;2/14/2022;Febuary;Turkey;Istanbul;DE;Road;31042;1240;0;31042;12400;89,28;FTL
626;2/14/2022;Febuary;Turkey;Istanbul;UK;Road;32795;1322;0;32795;13220;95,184;FTL
627;2/14/2022;Febuary;Turkey;Istanbul;DE;Road;49885;1293;0;49885;12930;93,096;FTL
628;2/21/2022;Febuary;Turkey;Istanbul;UK;Road;17876;818;4740;22616;12920;58,896;FTL
629;2/21/2022;Febuary;Turkey;Istanbul;UK;Road;73404;1290;0;73404;12900;92,88;FTL
630;2/21/2022;Febuary;Turkey;Istanbul;UK;Road;32381;1374;0;32381;13740;98,928;FTL
631;2/21/2022;Febuary;Turkey;Istanbul;UK;Road;36051;1256;0;36051;12560;90,432;FTL
632;2/21/2022;Febuary;Turkey;Istanbul;DE;Road;21116;892;3808;24924;12728;64,224;FTL
633;2/21/2022;Febuary;Turkey;Istanbul;DE;Road;29203;1340;0;29203;13400;96,48;FTL
634;2/21/2022;Febuary;Turkey;Istanbul;UK;Road;35312;1201;0;35312;12010;86,472;FTL
635;2/21/2022;Febuary;Turkey;Istanbul;UK;Road;29675;1311;0;29675;13110;94,392;FTL
636;2/21/2022;Febuary;Turkey;Istanbul;UK;Road;6015;227;0;6015;2270;16,344;LTL
637;2/21/2022;Febuary;Turkey;Istanbul;DE;Road;47517;1190;0;47517;11900;85,68;FTL
638;2/21/2022;Febuary;Turkey;Istanbul;DE;Road;22707;995;0;22707;9950;71,64;FTL
639;2/21/2022;Febuary;Turkey;Istanbul;DE;Road;4586;198;0;4586;1980;14,256;LTL
640;2/21/2022;Febuary;Turkey;Istanbul;UK;Road;24402;1476;0;24402;14760;106,272;FTL
641;2/21/2022;Febuary;Turkey;Istanbul;DE;Road;26437;1219;919;27356;13109;87,768;FTL
642;2/21/2022;Febuary;Spain;Madrid;CZ;Road;22221;1023;0;22221;10230;73,656;FTL
643;2/21/2022;Febuary;Spain;Barcelona;CZ;Road;15718;806;0;15718;8060;58,032;FTL
644;2/21/2022;Febuary;Spain;Barcelona;CZ;Road;11498;487;0;11498;4870;35,064;FTL
645;2/21/2022;Febuary;Spain;Barcelona;CZ;Road;30269;748;0;30269;7480;53,856;FTL
646;2/21/2022;Febuary;Spain;Barcelona;CZ;Road;14437;684;0;14437;6840;49,248;FTL
647;2/21/2022;Febuary;Spain;Barcelona;CZ;Road;14100;644;0;14100;6440;46,368;FTL
648;2/21/2022;Febuary;Spain;Barcelona;CZ;Road;13916;638;0;13916;6380;45,936;FTL
649;2/28/2022;Febuary;Spain;Madrid;CZ;Road;28196;963;0;28196;9630;69,336;FTL
650;2/28/2022;Febuary;Spain;Madrid;CZ;Road;25637;945;0;25637;9450;68,04;FTL
651;2/28/2022;Febuary;Spain;Barcelona;CZ;Road;21642;683;0;21642;6830;49,176;FTL
652;2/28/2022;Febuary;Spain;Barcelona;CZ;Road;12976;710;0;12976;7100;51,12;FTL
653;2/28/2022;Febuary;Spain;Barcelona;CZ;Road;10788;541;0;10788;5410;38,952;FTL
654;2/28/2022;Febuary;Spain;Barcelona;CZ;Road;1463;392;0;1463;3920;28,224;FTL
655;2/28/2022;Febuary;Spain;Barcelona;CZ;Road;18408;999;0;18408;9990;71,928;FTL
656;2/28/2022;Febuary;Spain;Barcelona;CZ;Road;14537;784;0;14537;7840;56,448;FTL
657;2/28/2022;Febuary;Spain;Barcelona;CZ;Road;9911;556;0;9911;5560;40,032;FTL
658;2/28/2022;Febuary;Spain;Barcelona;CZ;Road;13249;650;0;13249;6500;46,8;FTL
659;2/28/2022;Febuary;Turkey;Istanbul;UK;Road;31134;1192;1524;32658;13444;85,824;FTL
660;2/28/2022;Febuary;Turkey;Istanbul;UK;Road;17909;859;0;17909;8590;61,848;LTL
661;2/28/2022;Febuary;Turkey;Istanbul;UK;Road;66912;1280;0;66912;12800;92,16;FTL
662;2/28/2022;Febuary;Turkey;Istanbul;UK;Road;24670;1267;0;24670;12670;91,224;FTL
663;2/28/2022;Febuary;Turkey;Istanbul;UK;Road;72387;1295;0;72387;12950;93,24;FTL
664;2/28/2022;Febuary;Turkey;Istanbul;DE;Road;57012;1226;187;57199;12447;88,272;FTL
665;2/28/2022;Febuary;Turkey;Istanbul;DE;Road;37696;1293;0;37696;12930;93,096;FTL
666;2/28/2022;Febuary;Turkey;Istanbul;DE;Road;37397;1349;0;37397;13490;97,128;FTL
667;2/21/2022;Febuary;Turkey;Istanbul;US;Sea;11615;381;0;11615;3810;27,432;FCL
668;2/28/2022;Febuary;Turkey;Istanbul;US;Sea;12011;601;0;12011;6010;43,272;FCL
669;2/28/2022;Febuary;Turkey;Istanbul;US;Sea;12011;601;0;12011;6010;43,272;FCL
670;2/28/2022;Febuary;Turkey;Istanbul;US;Sea;18663;898;0;18663;8980;64,656;FCL
671;2/28/2022;Febuary;Turkey;Istanbul;US;Sea;18663;898;0;18663;8980;64,656;FCL
672;2/28/2022;Febuary;Turkey;Istanbul;US;Sea;17325;854;0;17325;8540;61,488;FCL
673;2/28/2022;Febuary;Turkey;Istanbul;US;Sea;17325;854;0;17325;8540;61,488;FCL
674;3/7/2022;March;Spain;Barcelona;DE;Road;18415;809;0;18415;8090;58,248;FTL
675;3/7/2022;March;Spain;Barcelona;DE;Road;24256;861;0;24256;8610;61,992;FTL
676;3/7/2022;March;Spain;Barcelona;DE;Road;23571;737;0;23571;7370;53,064;FTL
677;3/7/2022;March;Spain;Madrid;DE;Road;24043;1093;0;24043;10930;78,696;FTL
678;3/7/2022;March;Spain;Barcelona;DE;Road;17683;973;0;17683;9730;70,056;FTL
679;3/7/2022;March;Spain;Barcelona;DE;Road;14858;685;0;14858;6850;49,32;FTL
680;3/7/2022;March;Spain;Barcelona;DE;Road;24572;1038;0;24572;10380;74,736;FTL
681;3/7/2022;March;Spain;Barcelona;DE;Road;15884;701;0;15884;7010;50,472;FTL
682;3/7/2022;March;Spain;Barcelona;DE;Road;13024;654;0;13024;6540;47,088;FTL
683;3/7/2022;March;Turkey;Istanbul;UK;Road;32161;1212;0;32161;12120;87,264;FTL
684;3/7/2022;March;Turkey;Istanbul;UK;Road;24951;1334;0;24951;13340;96,048;FTL
685;3/7/2022;March;Turkey;Istanbul;UK;Road;20071;1206;1692;21763;13752;86,832;FTL
686;3/7/2022;March;Turkey;Istanbul;DE;Road;46728;1335;0;46728;13350;96,12;FTL
687;3/7/2022;March;Turkey;Istanbul;DE;Road;35803;1263;0;35803;12630;90,936;FTL
688;3/7/2022;March;Turkey;Istanbul;UK;Road;27681;1480;246;27927;15046;106,56;FTL
689;3/7/2022;March;Turkey;Istanbul;UK;Road;36356;1284;0;36356;12840;92,448;FTL
690;3/7/2022;March;Turkey;Istanbul;DE;Road;28763;1259;0;28763;12590;90,648;FTL
691;3/7/2022;March;Turkey;Istanbul;US;Sea;23694;997;0;23694;9970;71,784;FCL
692;3/7/2022;March;Turkey;Istanbul;US;Sea;23694;997;0;23694;9970;71,784;FCL
693;3/7/2022;March;Turkey;Istanbul;US;Sea;21798;881;0;21798;8810;63,432;FCL
694;3/7/2022;March;Turkey;Istanbul;US;Sea;17325;854;0;17325;8540;61,488;FCL
695;3/7/2022;March;Turkey;Istanbul;US;Sea;18663;898;0;18663;8980;64,656;FCL
696;3/7/2022;March;Turkey;Istanbul;US;Sea;17923;913;0;17923;9130;65,736;FCL
697;3/7/2022;March;Turkey;Istanbul;US;Sea;17923;913;0;17923;9130;65,736;FCL
698;3/14/2022;March;Spain;Madrid;DE;Road;28941;1171;0;28941;11710;84,312;FTL
699;3/14/2022;March;Spain;Barcelona;DE;Road;23561;918;0;23561;9180;66,096;FTL
700;3/14/2022;March;Spain;Barcelona;DE;Road;25135;784;0;25135;7840;56,448;FTL
701;3/14/2022;March;Spain;Barcelona;DE;Road;18600;758;0;18600;7580;54,576;FTL
702;3/14/2022;March;Spain;Barcelona;DE;Road;19746;792;0;19746;7920;57,024;FTL
703;3/14/2022;March;Spain;Barcelona;DE;Road;17440;882;0;17440;8820;63,504;FTL
704;3/14/2022;March;Spain;Barcelona;DE;Road;21022;839;0;21022;8390;60,408;FTL
705;3/14/2022;March;Spain;Barcelona;DE;Road;17825;747;0;17825;7470;53,784;FTL
706;3/14/2022;March;Turkey;Istanbul;UK;Road;44375;1398;0;44375;13980;100,656;FTL
707;3/14/2022;March;Turkey;Istanbul;UK;Road;31600;1442;0;31600;14420;103,824;FTL
708;3/14/2022;March;Turkey;Istanbul;UK;Road;70891;1277;0;70891;12770;91,944;FTL
709;3/14/2022;March;Turkey;Istanbul;UK;Road;29572;1352;0;29572;13520;97,344;FTL
710;3/14/2022;March;Turkey;Istanbul;DE;Road;4526;160;0;4526;1600;11,52;LTL
711;3/14/2022;March;Turkey;Istanbul;DE;Road;37058;1255;0;37058;12550;90,36;FTL
712;3/14/2022;March;Turkey;Istanbul;DE;Road;35469;1338;0;35469;13380;96,336;FTL
713;3/14/2022;March;Turkey;Istanbul;DE;Road;35147;1251;0;35147;12510;90,072;FTL
714;3/14/2022;March;Turkey;Istanbul;US;Sea;16689;1010;0;16689;10100;72,72;FCL
715;3/14/2022;March;Turkey;Istanbul;US;Sea;25818;1014;0;25818;10140;73,008;FCL
716;3/14/2022;March;Turkey;Istanbul;US;Sea;20119;1057;0;20119;10570;76,104;FCL
717;3/14/2022;March;Turkey;Istanbul;US;Sea;11615;381;0;11615;3810;27,432;FCL
718;3/14/2022;March;Turkey;Istanbul;US;Sea;14421;739;0;14421;7390;53,208;FCL
719;3/14/2022;March;Turkey;Istanbul;US;Sea;14421;739;0;14421;7390;53,208;FCL
720;3/14/2022;March;Turkey;Istanbul;US;Sea;15523;911;0;15523;9110;65,592;FCL
721;3/14/2022;March;Turkey;Istanbul;US;Sea;15523;911;0;15523;9110;65,592;FCL
722;3/14/2022;March;Turkey;Istanbul;US;Sea;29306;1016;0;29306;10160;73,152;FCL
723;3/14/2022;March;Turkey;Istanbul;US;Sea;29306;1016;0;29306;10160;73,152;FCL
724;3/14/2022;March;Turkey;Istanbul;US;Sea;15345;633;0;15345;6330;45,576;FCL
725;3/14/2022;March;Turkey;Istanbul;US;Sea;15345;633;0;15345;6330;45,576;FCL
726;3/21/2022;March;Turkey;Istanbul;UK;Road;40693;1327;0;40693;13270;95,544;FTL
727;3/21/2022;March;Spain;Madrid;DE;Road;21158;847;0;21158;8470;60,984;FTL
728;3/21/2022;March;Spain;Barcelona;DE;Road;31627;1002;0;31627;10020;72,144;FTL
729;3/21/2022;March;Spain;Barcelona;DE;Road;21429;992;0;21429;9920;71,424;FTL
730;3/21/2022;March;Spain;Barcelona;DE;Road;35895;1240;0;35895;12400;89,28;FTL
731;3/21/2022;March;Spain;Barcelona;DE;Road;21613;918;0;21613;9180;66,096;FTL
732;3/21/2022;March;Spain;Barcelona;DE;Road;15250;525;0;15250;5250;37,8;FTL
733;3/21/2022;March;Spain;Barcelona;DE;Road;21809;935;0;21809;9350;67,32;FTL
734;3/21/2022;March;Spain;Madrid;DE;Road;28737;806;0;28737;8060;58,032;FTL
735;3/21/2022;March;Turkey;Istanbul;US;Sea;29306;1016;0;29306;10160;73,152;FCL
736;3/21/2022;March;Turkey;Istanbul;US;Sea;20119;1057;0;20119;10570;76,104;FCL
737;3/21/2022;March;Turkey;Istanbul;US;Sea;16842;678;0;16842;6780;48,816;FCL
738;3/21/2022;March;Turkey;Istanbul;US;Sea;17453;950;0;17453;9500;68,4;FCL
739;3/21/2022;March;Turkey;Istanbul;US;Sea;13271;646;0;13271;6460;46,512;FCL
740;3/21/2022;March;Turkey;Istanbul;US;Sea;13271;646;0;13271;6460;46,512;FCL
741;3/21/2022;March;Turkey;Istanbul;UK;Road;27898;1341;0;27898;13410;96,552;FTL
742;3/21/2022;March;Turkey;Istanbul;UK;Road;38371;1413;0;38371;14130;101,736;FTL
743;3/21/2022;March;Turkey;Istanbul;UK;Road;20524;1207;0;20524;12070;86,904;FTL
744;3/21/2022;March;Turkey;Istanbul;DE;Road;47776;1331;0;47776;13310;95,832;FTL
745;3/21/2022;March;Turkey;Istanbul;DE;Road;6209;151;0;6209;1510;10,872;LTL
746;3/21/2022;March;Turkey;Istanbul;UK;Road;37132;1366;0;37132;13660;98,352;FTL
747;3/21/2022;March;Turkey;Istanbul;DE;Road;17313;861;3304;20617;11914;61,992;FTL
748;3/21/2022;March;Turkey;Istanbul;UK;Road;20432;760;4686;25118;12286;54,72;FTL
749;3/21/2022;March;Turkey;Istanbul;UK;Road;22060;1160;0;22060;11600;83,52;FTL
750;3/21/2022;March;Turkey;Istanbul;UK;Road;39113;1324;0;39113;13240;95,328;FTL
751;3/21/2022;March;Turkey;Istanbul;DE;Road;41832;1376;0;41832;13760;99,072;FTL
752;3/21/2022;March;Turkey;Istanbul;DE;Road;8196;287;0;8196;2870;20,664;LTL
753;3/21/2022;March;Turkey;Istanbul;DE;Road;46317;1276;0;46317;12760;91,872;FTL
754;3/28/2022;March;Spain;Barcelona;DE;Road;19963;813;0;19963;8130;58,536;FTL
755;3/28/2022;March;Spain;Barcelona;DE;Road;20359;857;0;20359;8570;61,704;FTL
756;3/28/2022;March;Spain;Barcelona;DE;Road;22418;822;0;22418;8220;59,184;FTL
757;3/28/2022;March;Spain;Barcelona;DE;Road;13309;598;0;13309;5980;43,056;FTL
758;3/28/2022;March;Spain;Barcelona;DE;Road;7414;700;0;7414;7000;50,4;FTL
759;3/28/2022;March;Spain;Barcelona;DE;Road;24133;880;0;24133;8800;63,36;FTL
760;3/28/2022;March;Spain;Barcelona;DE;Road;25596;736;0;25596;7360;52,992;FTL
761;3/28/2022;March;Spain;Barcelona;DE;Road;19963;813;0;19963;8130;58,536;FTL
762;3/28/2022;March;Spain;Barcelona;DE;Road;23461;684;0;23461;6840;49,248;FTL
763;3/28/2022;March;Turkey;Istanbul;UK;Road;54743;1411;0;54743;14110;101,592;FTL
764;3/28/2022;March;Turkey;Istanbul;UK;Road;39420;1427;0;39420;14270;102,744;FTL
765;3/28/2022;March;Turkey;Istanbul;UK;Road;25962;1607;0;25962;16070;115,704;FTL
766;3/28/2022;March;Turkey;Istanbul;UK;Road;9459;297;0;9459;2970;21,384;LTL
767;3/28/2022;March;Turkey;Istanbul;DE;Road;25091;1091;1981;27072;12891;78,552;FTL
768;3/28/2022;March;Turkey;Istanbul;UK;Road;18239;888;3579;21818;12459;63,936;FTL
769;3/28/2022;March;Turkey;Istanbul;DE;Road;30027;1243;0;30027;12430;89,496;FTL
770;3/28/2022;March;Turkey;Istanbul;DE;Road;35071;1366;0;35071;13660;98,352;FTL
771;3/28/2022;March;Turkey;Istanbul;UK;Road;63332;963;0;63332;9630;69,336;FTL
772;3/28/2022;March;Turkey;Istanbul;DE;Road;66268;1262;0;66268;12620;90,864;FTL
773;4/4/2022;April;Spain;Madrid;DE;Road;27908;1035;0;27908;10350;74,52;FTL
774;4/4/2022;April;Spain;Barcelona;DE;Road;26222;1064;0;26222;10640;76,608;FTL
775;4/4/2022;April;Spain;Barcelona;DE;Road;18162;968;0;18162;9680;69,696;FTL
776;4/4/2022;April;Spain;Barcelona;DE;Road;18812;988;0;18812;9880;71,136;FTL
777;4/4/2022;April;Spain;Barcelona;DE;Road;10617;407;0;10617;4070;29,304;FTL
778;4/4/2022;April;Spain;Barcelona;DE;Road;21628;892;0;21628;8920;64,224;FTL
779;4/4/2022;April;Spain;Barcelona;DE;Road;9893;402;0;9893;4020;28,944;FTL
780;4/4/2022;April;Turkey;Istanbul;UK;Road;64585;1321;0;64585;13210;95,112;FTL
781;4/4/2022;April;Turkey;Istanbul;UK;Road;22969;853;0;22969;8530;61,416;FTL
782;4/4/2022;April;Turkey;Istanbul;DE;Road;2841;69;0;2841;690;4,968;FTL
783;4/4/2022;April;Turkey;Istanbul;DE;Road;36323;1330;0;36323;13300;95,76;FTL
784;4/4/2022;April;Turkey;Istanbul;UK;Road;28230;1383;0;28230;13830;99,576;FTL
785;4/4/2022;April;Turkey;Istanbul;UK;Road;38071;1299;0;38071;12990;93,528;FTL
786;4/4/2022;April;Turkey;Istanbul;DE;Road;28767;1217;889;29656;13059;87,624;FTL
787;4/4/2022;April;Turkey;Istanbul;UK;Road;21622;1307;0;21622;13070;94,104;FTL
788;4/4/2022;April;Turkey;Istanbul;DE;Road;23277;1252;0;23277;12520;90,144;FTL
789;4/4/2022;April;Turkey;Istanbul;UK;Road;34660;1227;0;34660;12270;88,344;FTL
790;3/28/2022;March;Turkey;Istanbul;US;Sea;13271;646;0;13271;6460;46,512;FCL
791;3/28/2022;March;Turkey;Istanbul;US;Sea;8976;483;0;8976;4830;34,776;FCL
792;3/28/2022;March;Turkey;Istanbul;US;Sea;24260;971;0;24260;9710;69,912;FCL
793;3/28/2022;March;Turkey;Istanbul;US;Sea;24260;971;0;24260;9710;69,912;FCL
794;3/28/2022;March;Turkey;Istanbul;US;Sea;17347;1018;0;17347;10180;73,296;FCL
795;3/28/2022;March;Turkey;Istanbul;US;Sea;17347;1018;0;17347;10180;73,296;FCL
796;3/28/2022;March;Turkey;Istanbul;US;Sea;10508;434;0;10508;4340;31,248;FCL
797;4/4/2022;April;Turkey;Istanbul;US;Sea;8976;483;0;8976;4830;34,776;FCL
798;4/4/2022;April;Turkey;Istanbul;US;Sea;15058;518;0;15058;5180;37,296;FCL
799;4/4/2022;April;Turkey;Istanbul;US;Sea;15058;518;0;15058;5180;37,296;FCL
800;4/4/2022;April;Turkey;Istanbul;US;Sea;16155;820;0;16155;8200;59,04;FCL
801;4/4/2022;April;Turkey;Istanbul;US;Sea;16155;820;0;16155;8200;59,04;FCL
802;4/4/2022;April;Turkey;Istanbul;US;Sea;25666;1045;0;25666;10450;75,24;FCL
803;4/4/2022;April;Turkey;Istanbul;US;Sea;25666;1045;0;25666;10450;75,24;FCL
804;4/11/2022;April;Turkey;Istanbul;UK;Road;30629;1324;0;30629;13240;95,328;FTL
805;4/11/2022;April;Turkey;Istanbul;UK;Road;35580;1547;0;35580;15470;111,384;FTL
806;4/11/2022;April;Turkey;Istanbul;UK;Road;36422;711;0;36422;7110;51,192;LTL
807;4/11/2022;April;Turkey;Istanbul;US;Sea;19111;984;0;19111;9840;70,848;FCL
808;4/11/2022;April;Turkey;Istanbul;US;Sea;19111;984;0;19111;9840;70,848;FCL
809;4/11/2022;April;Turkey;Istanbul;US;Sea;24107;841;0;24107;8410;60,552;FCL
810;4/11/2022;April;Turkey;Istanbul;US;Sea;24107;841;0;24107;8410;60,552;FCL
811;4/11/2022;April;Turkey;Istanbul;US;Sea;22713;941;0;22713;9410;67,752;FCL
812;4/11/2022;April;Turkey;Istanbul;US;Sea;22713;941;0;22713;9410;67,752;FCL
813;4/11/2022;April;Turkey;Istanbul;DE;Road;4804;252;0;4804;2520;18,144;LTL
814;4/11/2022;April;Turkey;Istanbul;DE;Road;48376;1413;0;48376;14130;101,736;FTL
815;4/11/2022;April;Turkey;Istanbul;UK;Road;34455;1169;1769;36224;13459;84,168;FTL
816;4/11/2022;April;Turkey;Istanbul;UK;Road;34059;1361;0;34059;13610;97,992;FTL
817;4/11/2022;April;Turkey;Istanbul;DE;Road;37961;1339;0;37961;13390;96,408;FTL
818;4/11/2022;April;Turkey;Istanbul;DE;Road;20559;936;2779;23338;12139;67,392;FTL
819;4/11/2022;April;Turkey;Istanbul;DE;Road;38808;1458;0;38808;14580;104,976;FTL
820;4/11/2022;April;Turkey;Istanbul;DE;Road;53864;1296;0;53864;12960;93,312;FTL
821;4/11/2022;April;Spain;Barcelona;CZ;Road;33994;956;0;33994;9560;68,832;FTL
822;4/11/2022;April;Spain;Madrid;CZ;Road;30574;1136;0;30574;11360;81,792;FTL
823;4/11/2022;April;Spain;Barcelona;CZ;Road;15209;1013;0;15209;10130;72,936;FTL
824;4/11/2022;April;Spain;Barcelona;CZ;Road;19815;671;0;19815;6710;48,312;FTL
825;4/11/2022;April;Spain;Barcelona;CZ;Road;19564;733;0;19564;7330;52,776;FTL
826;4/11/2022;April;Spain;Barcelona;CZ;Road;16870;714;0;16870;7140;51,408;FTL
827;4/11/2022;April;Spain;Barcelona;CZ;Road;27408;843;0;27408;8430;60,696;FTL
828;4/18/2022;April;Spain;Barcelona;CZ;Road;6908;797;0;6908;7970;57,384;FTL
829;4/18/2022;April;Spain;Barcelona;CZ;Road;19015;970;0;19015;9700;69,84;FTL
830;4/18/2022;April;Spain;Barcelona;CZ;Road;29195;990;0;29195;9900;71,28;FTL
831;4/18/2022;April;Spain;Madrid;CZ;Road;27556;856;0;27556;8560;61,632;FTL
832;4/18/2022;April;Spain;Barcelona;CZ;Road;20285;864;0;20285;8640;62,208;FTL
833;4/18/2022;April;Spain;Barcelona;CZ;Road;22219;913;0;22219;9130;65,736;FTL
834;4/18/2022;April;Turkey;Istanbul;UK;Road;40263;1503;0;40263;15030;108,216;FTL
835;4/18/2022;April;Turkey;Istanbul;UK;Road;41461;1280;0;41461;12800;92,16;FTL
836;4/18/2022;April;Turkey;Istanbul;UK;Road;33199;1278;0;33199;12780;92,016;FTL
837;4/18/2022;April;Turkey;Istanbul;DE;Road;25282;1451;0;25282;14510;104,472;FTL
838;4/18/2022;April;Turkey;Istanbul;DE;Road;31927;1153;1525;33452;13055;83,016;FTL
839;4/18/2022;April;Turkey;Istanbul;DE;Road;32170;1222;0;32170;12220;87,984;FTL
840;4/18/2022;April;Turkey;Istanbul;DE;Road;6731;287;0;6731;2870;20,664;LTL
841;4/18/2022;April;Turkey;Istanbul;DE;Road;34837;1154;0;34837;11540;83,088;FTL
842;4/25/2022;April;Turkey;Istanbul;UK;Road;30044;1327;0;30044;13270;95,544;FTL
843;4/25/2022;April;Turkey;Istanbul;UK;Road;26160;973;2117;28277;11847;70,056;FTL
844;4/25/2022;April;Turkey;Istanbul;UK;Road;29660;1507;0;29660;15070;108,504;FTL
845;4/25/2022;April;Turkey;Istanbul;UK;Road;39577;1387;0;39577;13870;99,864;FTL
846;4/25/2022;April;Turkey;Istanbul;DE;Road;34483;1202;1194;35677;13214;86,544;FTL
847;4/25/2022;April;Turkey;Istanbul;UK;Road;42361;1323;0;42361;13230;95,256;FTL
848;4/25/2022;April;Turkey;Istanbul;DE;Road;34162;1250;0;34162;12500;90;FTL
849;4/25/2022;April;Turkey;Istanbul;UK;Road;47928;1354;0;47928;13540;97,488;FTL
850;4/25/2022;April;Turkey;Istanbul;UK;Road;8653;357;0;8653;3570;25,704;LTL
851;4/25/2022;April;Turkey;Istanbul;UK;Road;25453;967;4544;29997;14214;69,624;FTL
852;4/25/2022;April;Turkey;Istanbul;UK;Road;29034;1241;0;29034;12410;89,352;FTL
853;4/25/2022;April;Turkey;Istanbul;DE;Road;48979;1261;0;48979;12610;90,792;FTL
854;4/25/2022;April;Turkey;Istanbul;UK;Road;44171;1408;0;44171;14080;101,376;FTL
855;4/25/2022;April;Turkey;Istanbul;UK;Road;24447;1053;2103;26550;12633;75,816;FTL
856;4/25/2022;April;Spain;Madrid;CZ;Road;31778;1006;0;31778;10060;72,432;FTL
857;4/25/2022;April;Spain;Barcelona;CZ;Road;20540;877;0;20540;8770;63,144;FTL
858;4/25/2022;April;Spain;Barcelona;CZ;Road;15143;911;0;15143;9110;65,592;FTL
859;4/25/2022;April;Spain;Barcelona;CZ;Road;11177;547;0;11177;5470;39,384;FTL
860;4/25/2022;April;Spain;Barcelona;CZ;Road;13642;553;0;13642;5530;39,816;FTL
861;5/2/2022;May;Turkey;Istanbul;US;Sea;24107;841;0;24107;8410;60,552;FCL
862;5/2/2022;May;Turkey;Istanbul;US;Sea;22713;941;0;22713;9410;67,752;FCL
863;5/2/2022;May;Turkey;Istanbul;US;Sea;23694;997;0;23694;9970;71,784;FCL
864;5/2/2022;May;Turkey;Istanbul;UK;Road;33015;1284;0;33015;12840;92,448;FTL
865;5/2/2022;May;Turkey;Istanbul;DE;Road;22924;688;0;22924;6880;49,536;LTL
866;5/2/2022;May;Turkey;Istanbul;UK;Road;28858;1215;0;28858;12150;87,48;FTL
867;5/2/2022;May;Turkey;Istanbul;UK;Road;70562;1455;0;70562;14550;104,76;FTL
868;5/2/2022;May;Turkey;Istanbul;UK;Road;14960;842;0;14960;8420;60,624;LTL
869;5/2/2022;May;Turkey;Istanbul;DE;Road;34833;1256;0;34833;12560;90,432;FTL
870;5/2/2022;May;Turkey;Istanbul;DE;Road;37862;1409;0;37862;14090;101,448;FTL
871;5/2/2022;May;Turkey;Istanbul;DE;Road;33072;1356;0;33072;13560;97,632;FTL
872;5/2/2022;May;Spain;Madrid;CZ;Road;32073;819;0;32073;8190;58,968;FTL
873;5/2/2022;May;Spain;Barcelona;CZ;Road;14439;586;0;14439;5860;42,192;FTL
874;5/2/2022;May;Spain;Barcelona;CZ;Road;26702;756;0;26702;7560;54,432;FTL
875;5/2/2022;May;Spain;Barcelona;CZ;Road;21268;721;0;21268;7210;51,912;FTL
876;5/2/2022;May;Spain;Barcelona;CZ;Road;18827;798;0;18827;7980;57,456;FTL
877;5/2/2022;May;Turkey;Istanbul;US;Sea;7264;425;0;7264;4250;30,6;FCL
878;5/2/2022;May;Turkey;Istanbul;US;Sea;34146;908;0;34146;9080;65,376;FCL
879;5/2/2022;May;Turkey;Istanbul;US;Sea;20217;1021;0;20217;10210;73,512;FCL
880;5/2/2022;May;Turkey;Istanbul;US;Sea;18924;1352;0;18924;13520;97,344;FCL
881;5/2/2022;May;Turkey;Istanbul;US;Sea;23225;929;0;23225;9290;66,888;FCL
882;5/9/2022;May;Turkey;Istanbul;DE;Road;4804;252;0;4804;2520;18,144;LTL
883;5/9/2022;May;Turkey;Istanbul;US;Sea;23606;1142;0;23606;11420;82,224;FCL
884;5/9/2022;May;Turkey;Istanbul;US;Sea;23225;929;0;23225;9290;66,888;FCL
885;5/9/2022;May;Turkey;Istanbul;US;Sea;18924;1352;0;18924;13520;97,344;FCL
886;5/9/2022;May;Turkey;Istanbul;US;Sea;20217;1021;0;20217;10210;73,512;FCL
887;5/9/2022;May;Turkey;Istanbul;UK;Road;41105;1421;0;41105;14210;102,312;FTL
888;5/9/2022;May;Turkey;Istanbul;UK;Road;30397;1385;0;30397;13850;99,72;FTL
889;5/9/2022;May;Turkey;Istanbul;UK;Road;63141;1364;0;63141;13640;98,208;FTL
890;5/9/2022;May;Turkey;Istanbul;DE;Road;44035;773;0;44035;7730;55,656;LTL
891;5/9/2022;May;Turkey;Istanbul;UK;Road;28625;1114;0;28625;11140;80,208;LTL
892;5/9/2022;May;Turkey;Istanbul;DE;Road;33412;1126;1148;34560;12408;81,072;FTL
893;5/9/2022;May;Turkey;Istanbul;UK;Road;28299;1050;2464;30763;12964;75,6;FTL
894;5/9/2022;May;Spain;Madrid;CZ;Road;23233;696;0;23233;6960;50,112;FTL
895;5/9/2022;May;Spain;Barcelona;CZ;Road;13731;315;0;13731;3150;22,68;FTL
896;5/9/2022;May;Spain;Barcelona;CZ;Road;15642;543;0;15642;5430;39,096;FTL
897;5/9/2022;May;Spain;Barcelona;CZ;Road;14589;552;0;14589;5520;39,744;FTL
898;5/9/2022;May;Spain;Barcelona;CZ;Road;25594;1018;0;25594;10180;73,296;FTL
899;5/9/2022;May;Spain;Barcelona;CZ;Road;33512;1125;0;33512;11250;81;FTL
900;5/9/2022;May;Spain;Barcelona;CZ;Road;16014;553;0;16014;5530;39,816;FTL
901;5/16/2022;May;Turkey;Istanbul;US;Sea;19603;853;0;19603;8530;61,416;FCL
902;5/16/2022;May;Turkey;Istanbul;US;Sea;17415;818;0;17415;8180;58,896;FCL
903;5/16/2022;May;Turkey;Istanbul;UK;Road;30460;1126;0;30460;11260;81,072;FTL
904;5/16/2022;May;Turkey;Istanbul;DE;Road;50343;1386;0;50343;13860;99,792;FTL
905;5/16/2022;May;Turkey;Istanbul;DE;Road;37717;1288;0;37717;12880;92,736;FTL
906;5/16/2022;May;Turkey;Istanbul;UK;Road;43685;1441;0;43685;14410;103,752;FTL
907;5/16/2022;May;Turkey;Istanbul;UK;Road;48858;931;3033;51891;12343;67,032;FTL
908;5/16/2022;May;Turkey;Istanbul;UK;Road;32855;1273;0;32855;12730;91,656;FTL
909;5/16/2022;May;Turkey;Istanbul;DE;Road;36431;956;2419;38850;11979;68,832;FTL
910;5/16/2022;May;Turkey;Istanbul;UK;Road;33375;1080;0;33375;10800;77,76;LTL
911;5/16/2022;May;Turkey;Istanbul;DE;Road;4994;162;0;4994;1620;11,664;LTL
912;5/16/2022;May;Spain;Madrid;CZ;Road;23704;760;0;23704;7600;54,72;FTL
913;5/16/2022;May;Spain;Madrid;CZ;Road;9000;1039;0;9000;10390;74,808;FTL
914;5/16/2022;May;Spain;Barcelona;CZ;Road;11643;500;0;11643;5000;36;FTL
915;5/16/2022;May;Spain;Barcelona;CZ;Road;11179;470;0;11179;4700;33,84;FTL
916;5/16/2022;May;Spain;Barcelona;CZ;Road;8790;345;0;8790;3450;24,84;FTL
917;5/23/2022;May;Turkey;Istanbul;US;Sea;8976;483;0;8976;4830;34,776;FCL
918;5/23/2022;May;Turkey;Istanbul;US;Sea;11615;381;0;11615;3810;27,432;FCL
919;5/23/2022;May;Turkey;Istanbul;US;Sea;15345;633;0;15345;6330;45,576;FCL
920;5/23/2022;May;Turkey;Istanbul;US;Sea;15523;911;0;15523;9110;65,592;FCL
921;5/23/2022;May;Turkey;Istanbul;US;Sea;14421;739;0;14421;7390;53,208;FCL
922;5/23/2022;May;Turkey;Istanbul;US;Sea;12011;601;0;12011;6010;43,272;FCL
923;5/23/2022;May;Turkey;Istanbul;US;Sea;10508;434;0;10508;4340;31,248;FCL
924;5/23/2022;May;Turkey;Istanbul;US;Sea;20119;1057;0;20119;10570;76,104;FCL
925;5/23/2022;May;Turkey;Istanbul;US;Sea;17024;688;0;17024;9110;55,43;FCL
926;5/23/2022;May;Turkey;Istanbul;UK;Road;33029;1188;948;33977;12828;85,536;FTL
927;5/23/2022;May;Turkey;Istanbul;DE;Road;43556;1354;0;43556;13540;97,488;FTL
928;5/23/2022;May;Turkey;Istanbul;UK;Road;49303;1372;0;49303;13720;98,784;FTL
929;5/23/2022;May;Turkey;Istanbul;UK;Road;37539;1388;0;37539;13880;99,936;FTL
930;5/23/2022;May;Turkey;Istanbul;UK;Road;66249;1350;0;66249;13500;97,2;FTL
931;5/23/2022;May;Turkey;Istanbul;UK;Road;37233;1304;0;37233;13040;93,888;FTL
932;5/23/2022;May;Turkey;Istanbul;UK;Road;25812;1105;2829;28641;13879;79,56;FTL
933;5/23/2022;May;Turkey;Istanbul;DE;Road;24817;769;0;24817;7690;55,368;LTL
934;5/23/2022;May;Turkey;Istanbul;DE;Road;30557;796;0;30557;7960;57,312;LTL
935;5/23/2022;May;Turkey;Istanbul;DE;Road;38044;1118;1751;39795;12931;80,496;FTL
936;5/23/2022;May;Spain;Barcelona;CZ;Road;13741;530;0;13741;5300;38,16;FTL
937;5/23/2022;May;Spain;Barcelona;CZ;Road;10335;438;0;10335;4380;31,536;FTL
938;5/23/2022;May;Spain;Barcelona;CZ;Road;15732;952;0;15732;9520;68,544;FTL
939;5/23/2022;May;Spain;Barcelona;CZ;Road;15475;567;0;15475;5670;40,824;FTL
940;5/23/2022;May;Spain;Barcelona;CZ;Road;7275;413;0;7275;4130;29,736;FTL
941;5/30/2022;May;Turkey;Istanbul;UK;Road;9818;248;0;9818;2480;17,856;LTL
942;5/30/2022;May;Turkey;Istanbul;UK;Road;43268;1335;0;43268;13350;96,12;FTL
943;5/30/2022;May;Turkey;Istanbul;UK;Road;51951;1157;805;52756;12375;83,304;FTL
944;5/30/2022;May;Turkey;Istanbul;DE;Road;50637;1344;0;50637;13440;96,768;FTL
945;5/30/2022;May;Turkey;Istanbul;DE;Road;55060;1262;0;55060;12620;90,864;FTL
946;5/30/2022;May;Spain;Madrid;CZ;Road;35388;1374;0;35388;13740;98,928;FTL
947;5/30/2022;May;Spain;Madrid;CZ;Road;37538;1167;0;37538;11670;84,024;FTL
948;5/30/2022;May;Spain;Madrid;CZ;Road;32188;1464;0;32188;14640;105,408;FTL
949;5/30/2022;May;Spain;Barcelona;CZ;Road;12135;850;0;12135;8500;61,2;FTL
950;5/30/2022;May;Spain;Barcelona;CZ;Road;6789;350;0;6789;3500;25,2;FTL
951;5/30/2022;May;Spain;Barcelona;CZ;Road;25556;696;0;25556;6960;50,112;FTL
952;5/30/2022;May;Spain;Barcelona;CZ;Road;17288;680;0;17288;6800;48,96;FTL
953;5/30/2022;May;Spain;Barcelona;CZ;Road;16096;695;0;16096;6950;50,04;FTL
954;5/30/2022;May;Turkey;Istanbul;US;Sea;15471;692;0;15471;6920;49,824;FCL
955;5/30/2022;May;Turkey;Istanbul;US;Sea;20240;977;0;20240;9770;70,344;FCL
956;5/30/2022;May;Turkey;Istanbul;US;Sea;16438;952;0;16438;9520;68,544;FCL
957;6/6/2022;June;Turkey;Istanbul;UK;Road;29876;899;3261;33137;12251;64,728;FTL
958;6/6/2022;June;Turkey;Istanbul;UK;Road;31388;1073;0;31388;10730;77,256;LTL
959;6/6/2022;June;Turkey;Istanbul;UK;Road;43229;1402;0;43229;14020;100,944;FTL
960;6/6/2022;June;Turkey;Istanbul;DE;Road;14163;462;0;14163;4620;33,264;LTL
961;6/6/2022;June;Turkey;Istanbul;DE;Road;34986;1074;2228;37214;12968;77,328;FTL
962;6/6/2022;June;Turkey;Istanbul;UK;Road;375;30;0;375;300;2,16;LTL
963;6/6/2022;June;Turkey;Istanbul;DE;Road;38199;1268;0;38199;12680;91,296;FTL
964;6/6/2022;June;Spain;Madrid;CZ;Road;23062;1233;0;23062;12330;88,776;FTL
965;6/6/2022;June;Spain;Barcelona;CZ;Road;16365;743;0;16365;7430;53,496;FTL
966;6/6/2022;June;Spain;Barcelona;CZ;Road;9342;836;0;9342;8360;60,192;FTL
967;6/6/2022;June;Spain;Barcelona;CZ;Road;20688;772;0;20688;7720;55,584;FTL
968;6/6/2022;June;Turkey;Istanbul;US;Sea;21370;968;0;21370;9680;69,696;FCL
969;6/13/2022;June;Turkey;Istanbul;UK;Road;42368;1312;0;42368;13120;94,464;FTL
970;6/13/2022;June;Turkey;Istanbul;UK;Road;42076;1544;0;42076;15440;111,168;FTL
971;6/13/2022;June;Turkey;Istanbul;UK;Road;41900;1543;0;41900;15430;111,096;FTL
972;6/13/2022;June;Turkey;Istanbul;UK;Road;5203;150;0;5203;1500;10,8;LTL
973;6/13/2022;June;Turkey;Istanbul;DE;Road;22795;669;0;22795;6690;48,168;LTL
974;6/13/2022;June;Turkey;Istanbul;UK;Road;3497;78;0;3497;780;5,616;LTL
975;6/13/2022;June;Turkey;Istanbul;DE;Road;46091;1213;1356;47447;13486;87,336;FTL
976;6/13/2022;June;Turkey;Istanbul;UK;Road;45750;1410;0;45750;14100;101,52;FTL
977;6/13/2022;June;Turkey;Istanbul;DE;Road;44061;1533;0;44061;15330;110,376;FTL
978;6/13/2022;June;Spain;Barcelona;CZ;Road;30023;1169;0;30023;11690;84,168;FTL
979;6/13/2022;June;Spain;Barcelona;CZ;Road;11718;813;0;11718;8130;58,536;FTL
980;6/13/2022;June;Spain;Barcelona;CZ;Road;14665;721;0;14665;7210;51,912;FTL
981;6/13/2022;June;Spain;Barcelona;CZ;Road;24451;844;0;24451;8440;60,768;FTL
982;6/13/2022;June;Turkey;Istanbul;US;Sea;22110;990;0;22110;9900;71,28;FCL
983;6/13/2022;June;Turkey;Istanbul;US;Sea;20166;817;0;20166;8170;58,824;FCL
984;6/13/2022;June;Turkey;Istanbul;US;Sea;30231;1007;0;30231;10070;72,504;FCL
985;6/13/2022;June;Turkey;Istanbul;US;Sea;18785;926;0;18785;9260;66,672;FCL
986;6/20/2022;June;Turkey;Istanbul;UK;Road;26160;973;2117;28277;11847;70,056;FTL
987;6/20/2022;June;Turkey;Istanbul;DE;Road;41539;1281;0;41539;12810;92,232;FTL
988;6/20/2022;June;Turkey;Istanbul;UK;Road;48500;1478;0;48500;14780;106,416;FTL
989;6/20/2022;June;Turkey;Istanbul;DE;Road;4378;102;0;4378;1020;7,344;LTL
990;6/20/2022;June;Turkey;Istanbul;UK;Road;48402;1478;1288;49690;16068;106,416;FTL
991;6/20/2022;June;Turkey;Istanbul;UK;Road;37172;1229;1632;38804;13922;88,488;FTL
992;6/20/2022;June;Turkey;Istanbul;DE;Road;42775;1267;0;42775;12670;91,224;FTL
993;6/20/2022;June;Turkey;Istanbul;DE;Road;44694;1262;762;45456;13382;90,864;FTL
994;6/20/2022;June;Spain;Barcelona;CZ;Road;6727;281;0;6727;2810;20,232;FTL
995;6/20/2022;June;Spain;Madrid;CZ;Road;9320;750;0;9320;7500;54;FTL
996;6/20/2022;June;Spain;Barcelona;CZ;Road;12615;647;0;12615;6470;46,584;FTL
997;6/20/2022;June;Spain;Madrid;CZ;Road;30661;1193;0;30661;11930;85,896;FTL
998;6/20/2022;June;Spain;Barcelona;CZ;Road;18571;818;0;18571;8180;58,896;FTL
999;6/20/2022;June;Turkey;Istanbul;US;Sea;24889;1051;0;24889;10510;75,672;FCL
1000;6/20/2022;June;Turkey;Istanbul;US;Sea;27282;1023;0;27282;10230;73,656;FCL
1001;6/20/2022;June;Turkey;Istanbul;US;Sea;29673;1001;0;29673;10010;72,072;FCL
1002;6/20/2022;June;Turkey;Istanbul;US;Sea;23465;957;0;23465;9570;68,904;FCL
1003;6/20/2022;June;Turkey;Istanbul;US;Sea;27274;1184;0;27274;11840;85,248;FCL
1004;6/20/2022;June;Turkey;Istanbul;US;Air;3296;132;0;3296;1320;9,504;LTL
1005;6/20/2022;June;Turkey;Istanbul;US;Sea;15471;692;0;15471;6920;49,824;FCL
1006;6/20/2022;June;Turkey;Istanbul;US;Sea;17024;688;0;17024;6880;49,536;FCL
1007;6/20/2022;June;Turkey;Istanbul;US;Sea;21370;968;0;21370;9680;69,696;FCL
1008;6/20/2022;June;Turkey;Istanbul;US;Sea;21370;968;0;21370;9680;69,696;FCL
1009;6/20/2022;June;Turkey;Istanbul;US;Sea;22110;990;0;22110;9900;71,28;FCL
1010;6/20/2022;June;Turkey;Istanbul;US;Sea;16438;952;0;16438;9520;68,544;FCL
1011;6/20/2022;June;Turkey;Istanbul;US;Sea;20240;977;0;20240;9770;70,344;FCL
1012;6/20/2022;June;Turkey;Istanbul;US;Sea;20240;977;0;20240;9770;70,344;FCL
1013;6/20/2022;June;Turkey;Istanbul;US;Sea;20166;817;0;20166;8170;58,824;FCL
1014;6/20/2022;June;Turkey;Istanbul;US;Sea;20166;817;0;20166;8170;58,824;FCL
1015;6/20/2022;June;Turkey;Istanbul;US;Sea;20110;872;0;20110;8720;62,784;FCL
1016;6/20/2022;June;Turkey;Istanbul;US;Sea;22110;990;0;22110;9900;71,28;FCL
1017;6/20/2022;June;Turkey;Istanbul;US;Sea;30231;1007;0;30231;10070;66,25;FCL
1018;6/20/2022;June;Turkey;Istanbul;US;Sea;18785;926;0;18785;9260;66,672;FCL
1019;6/27/2022;June;Turkey;Istanbul;UK;Road;35049;1280;0;35049;12800;92,16;FTL
1020;6/27/2022;June;Turkey;Istanbul;UK;Road;25944;583;0;25944;5830;41,976;LTL
1021;6/27/2022;June;Turkey;Istanbul;UK;Road;39644;1446;0;39644;14460;104,112;FTL
1022;6/27/2022;June;Turkey;Istanbul;DE;Road;44876;1442;0;44876;14420;103,824;FTL
1023;6/27/2022;June;Turkey;Istanbul;UK;Road;33011;1338;0;33011;13380;96,336;FTL
1024;6/27/2022;June;Turkey;Istanbul;UK;Road;8069;293;0;8069;2930;21,096;LTL
1025;6/27/2022;June;Turkey;Istanbul;UK;Road;51868;1418;691;52559;14871;102,096;FTL
1026;6/27/2022;June;Turkey;Istanbul;DE;Road;17452;705;0;17452;7050;50,76;LTL
1027;6/27/2022;June;Turkey;Istanbul;UK;Air;3017;112;0;3017;1120;8,064;LTL
1028;6/27/2022;June;Spain;Madrid;CZ;Road;17712;619;0;17712;6190;44,568;FTL
1029;6/27/2022;June;Spain;Barcelona;CZ;Road;15755;994;0;15755;9940;71,568;FTL
1030;6/27/2022;June;Spain;Barcelona;CZ;Road;14998;829;0;14998;8290;59,688;FTL
1031;6/27/2022;June;Spain;Barcelona;CZ;Road;17128;763;0;17128;7630;54,936;FTL
1032;6/27/2022;June;Turkey;Istanbul;US;Air;1833;48;0;1833;480;3,456;LTL
1033;6/27/2022;June;Turkey;Istanbul;US;Sea;28761;1032;0;28761;10320;74,304;FCL
1034;6/27/2022;June;Turkey;Istanbul;US;Sea;23807;951;0;23807;9510;68,472;FCL
1035;6/27/2022;June;Turkey;Istanbul;US;Sea;23451;1039;0;23451;10390;74,808;FCL
1036;6/27/2022;June;Turkey;Istanbul;US;Sea;24889;1051;0;24889;10510;75,672;FCL
1037;6/27/2022;June;Turkey;Istanbul;US;Sea;23465;957;0;23465;9570;68,904;FCL
1038;6/27/2022;June;Turkey;Istanbul;US;Sea;27282;1023;0;27282;10230;73,656;FCL
1039;6/27/2022;June;Turkey;Istanbul;US;Sea;24889;1051;0;24889;10510;75,672;FCL
1040;6/27/2022;June;Turkey;Istanbul;US;Sea;23465;957;0;23465;9570;68,904;FCL
1041;7/4/2022;July;Turkey;Istanbul;UK;Road;47157;1357;0;47157;13570;97,704;FTL
1042;7/4/2022;July;Turkey;Istanbul;UK;Road;30742;1341;0;30742;13410;96,552;FTL
1043;7/4/2022;July;Turkey;Istanbul;DE;Road;13515;580;0;13515;5800;41,76;LTL
1044;7/4/2022;July;Turkey;Istanbul;UK;Road;4060;107;0;4060;1070;7,704;LTL
1045;7/4/2022;July;Turkey;Istanbul;DE;Road;40738;1039;1380;42118;11770;74,808;FTL
1046;7/4/2022;July;Turkey;Istanbul;DE;Road;43782;1381;0;43782;13810;99,432;FTL
1047;7/4/2022;July;Turkey;Istanbul;UK;Road;43031;1234;964;43995;13304;88,848;FTL
1048;7/4/2022;July;Turkey;Istanbul;DE;Road;9577;399;0;9577;3990;28,728;LTL
1049;7/4/2022;July;Turkey;Istanbul;DE;Road;38759;1354;0;38759;13540;97,488;FTL
1050;7/4/2022;July;Turkey;Istanbul;UK;Air;1438;64;0;1438;640;4,608;LTL
1051;7/4/2022;July;Spain;Barcelona;CZ;Road;18180;817;0;18180;8170;58,824;FTL
1052;7/4/2022;July;Spain;Madrid;CZ;Road;23980;939;0;23980;9390;67,608;FTL
1053;7/4/2022;July;Spain;Barcelona;CZ;Road;12608;638;0;12608;6380;45,936;FTL
1054;7/4/2022;July;Turkey;Istanbul;US;Air;1024;34;0;1024;340;2,448;LCL
1055;7/4/2022;July;Turkey;Istanbul;US;Sea;27274;1184;0;27274;11840;85,248;FCL
1056;7/4/2022;July;Turkey;Istanbul;US;Sea;29673;1001;0;29673;10010;72,072;FCL
1057;7/4/2022;July;Turkey;Istanbul;US;Sea;28761;1032;0;28761;10320;74,304;FCL
1058;7/4/2022;July;Turkey;Istanbul;US;Sea;23807;951;0;23807;9510;68,472;FCA
1059;7/4/2022;July;Turkey;Istanbul;US;Sea;17415;818;0;17415;8180;58,896;FCL
1060;7/4/2022;July;Turkey;Istanbul;US;Sea;23451;1039;0;23451;10390;74,808;FCA
1061;7/4/2022;July;Turkey;Istanbul;US;Sea;27274;1184;0;27274;11840;85,248;FCL
1062;7/4/2022;July;Turkey;Istanbul;US;Sea;23807;951;0;23807;9510;68,472;FCL
1063;7/4/2022;July;Turkey;Istanbul;US;Sea;23451;1039;0;23451;10390;74,808;FCL
1064;7/11/2022;July;Turkey;Istanbul;US;Air;468;40;0;468;400;2,88;LCL
1065;7/11/2022;July;Turkey;Istanbul;US;Air;468;40;0;468;400;2,88;LCL
1066;7/11/2022;July;Turkey;Istanbul;US;Air;278;19;0;278;190;1,368;LCL
1067;7/11/2022;July;Turkey;Istanbul;US;Air;278;19;0;278;190;1,368;LCL
1068;7/11/2022;July;Turkey;Istanbul;US;Sea;23693;1227;0;23693;12270;61,322;FCL
1069;7/11/2022;July;Turkey;Istanbul;US;Sea;31570;1003;0;31570;10030;62,646;FCL
1070;7/11/2022;July;Turkey;Istanbul;UK;Road;39312;1298;1401;31570;14381;93,456;FTL
1071;7/11/2022;July;Turkey;Istanbul;UK;Road;7902;313;0;7902;3130;22,536;LTL
1072;7/11/2022;July;Turkey;Istanbul;UK;Road;29164;1624;0;29164;16240;116,928;FTL
1073;7/11/2022;July;Turkey;Istanbul;DE;Road;38134;1407;0;38134;14070;101,304;FTL
1074;7/11/2022;July;Spain;Barcelona;CZ;Road;12666;802;0;12666;8020;57,744;FTL
1075;7/11/2022;July;Spain;Madrid;CZ;Road;19023;746;0;19023;7460;53,712;FTL
1076;7/11/2022;July;Spain;Barcelona;CZ;Road;11442;580;0;11442;5800;41,76;FTL
1077;7/18/2022;July;Turkey;Istanbul;UK;Road;40769;1316;0;40769;13160;94,752;FTL
1078;7/18/2022;July;Turkey;Istanbul;UK;Road;31453;1313;0;31453;13130;94,536;FTL
1079;7/18/2022;July;Turkey;Istanbul;UK;Road;14443;1129;0;14443;11290;81,288;LTL
1080;7/18/2022;July;Turkey;Istanbul;DE;Road;45801;1279;0;45801;12790;92,088;FTL
1081;7/18/2022;July;Spain;Barcelona;CZ;Road;4310;566;0;4310;5660;40,752;FTL
1082;7/18/2022;July;Spain;Barcelona;CZ;Road;11627;657;0;11627;6570;47,304;FTL
1083;7/18/2022;July;Spain;Madrid;CZ;Road;14711;504;0;14711;5040;36,288;FTL
1084;7/18/2022;July;Spain;Barcelona;CZ;Road;13984;759;0;13984;7590;54,648;FTL
1085;7/25/2022;July;Turkey;Istanbul;UK;Road;41028;1418;0;41028;14180;102,096;FTL
1086;7/25/2022;July;Spain;Barcelona;CZ;Road;16761;955;0;16761;9550;68,76;FTL
1087;7/25/2022;July;Spain;Barcelona;CZ;Road;9860;977;0;9860;9770;70,344;FTL
1088;7/25/2022;July;Spain;Barcelona;CZ;Road;8404;590;0;8404;5900;42,48;FTL
1089;7/25/2022;July;Spain;Madrid;CZ;Road;12973;557;0;12973;5570;40,104;FTL
1090;7/25/2022;July;Spain;Barcelona;CZ;Road;18748;832;0;18748;8320;59,904;FTL
1091;8/1/2022;August;Turkey;Istanbul;UK;Road;25368;766;0;25368;7660;55,152;LTL
1092;8/1/2022;August;Turkey;Istanbul;UK;Road;45064;1342;0;45064;13420;96,624;FTL
1093;8/1/2022;August;Turkey;Istanbul;UK;Road;23832;1417;0;23832;14170;102,024;FTL
1094;8/1/2022;August;Turkey;Istanbul;UK;Road;32831;1328;0;32831;13280;95,616;FTL
1095;8/1/2022;August;Turkey;Istanbul;UK;Road;38073;1464;0;38073;14640;105,408;FTL
1096;8/1/2022;August;Turkey;Istanbul;DE;Road;6794;272;0;6794;2720;19,584;LTL
1097;8/1/2022;August;Turkey;Istanbul;DE;Road;1543;128;0;1543;1280;9,216;LTL
1098;8/1/2022;August;Turkey;Istanbul;UK;Road;15689;718;4585;20274;11765;51,696;FTL
1099;8/1/2022;August;Spain;Barcelona;CZ;Road;21868;890;0;21868;8900;64,08;FTL
1100;8/1/2022;August;Spain;Madrid;CZ;Road;10720;591;0;10720;5910;42,552;FTL
1101;8/1/2022;August;Spain;Barcelona;CZ;Road;25915;1084;0;25915;10840;78,048;FTL
1102;8/1/2022;August;Spain;Barcelona;CZ;Road;9475;673;0;9475;6730;48,456;FTL
1103;8/1/2022;August;Spain;Barcelona;CZ;Road;13709;668;0;13709;6680;48,096;FTL
1104;8/8/2022;August;Spain;Barcelona;CZ;Road;19940;940;0;19940;9400;67,68;FTL
1105;8/8/2022;August;Spain;Barcelona;CZ;Road;4967;343;0;4967;3430;24,696;FTL
1106;8/8/2022;August;Spain;Barcelona;CZ;Road;9224;601;0;9224;6010;43,272;FTL
1107;8/8/2022;August;Spain;Barcelona;CZ;Road;9994;631;0;9994;6310;45,432;FTL
1108;8/8/2022;August;Spain;Madrid;CZ;Road;10473;529;0;10473;5290;38,088;FTL
1109;8/8/2022;August;Spain;Barcelona;CZ;Road;22748;1158;0;22748;11580;83,376;FTL
1110;8/8/2022;August;Spain;Barcelona;CZ;Road;12336;670;0;12336;6700;48,24;FTL
1111;8/8/2022;August;Turkey;Istanbul;US;Sea;20712;1150;0;20712;11500;65,508;FCL
1112;8/8/2022;August;Turkey;Istanbul;US;Sea;17446;536;0;17446;5360;65,963;FCL
1113;8/8/2022;August;Turkey;Istanbul;US;Sea;30959;891;0;30959;8910;65,152;FCL
1114;8/8/2022;August;Turkey;Istanbul;US;Sea;27404;1065;0;27404;10650;65,869;FCL
1115;8/8/2022;August;Turkey;Istanbul;UK;Road;31851;1363;0;31851;13630;98,13;FTL
1116;8/8/2022;August;Turkey;Istanbul;UK;Road;5583;380;0;5583;3800;27,36;LTL
1117;8/8/2022;August;Turkey;Istanbul;DE;Road;33237;1223;1992;35229;14222;92,55;FTL
1118;8/8/2022;August;Turkey;Istanbul;DE;Road;29558;1093;1237;30795;12167;82,82;FTL
1119;8/15/2022;August;Turkey;Istanbul;US;Sea;17446;536;0;17446;5360;65,963;FCL
1120;8/15/2022;August;Turkey;Istanbul;US;Sea;30959;891;0;30959;8910;65,152;FCL
1121;8/15/2022;August;Turkey;Istanbul;US;Sea;20712;1150;0;20712;11500;65,508;FCL
1122;8/15/2022;August;Turkey;Istanbul;US;Sea;27404;1065;0;27404;10650;65,869;FCL
1123;8/15/2022;August;Turkey;Istanbul;US;Sea;15633;894;0;15633;8940;65,36;FCL
1124;8/15/2022;August;Turkey;Istanbul;US;Sea;18522;931;0;18522;9310;66,35;FCL
1125;8/15/2022;August;Turkey;Istanbul;US;Sea;20177;1101;0;20177;11010;65,97;FCL
1126;8/15/2022;August;Turkey;Istanbul;UK;Road;13849;927;0;13849;9270;66,744;LTL
1127;8/15/2022;August;Turkey;Istanbul;DE;Road;26375;1206;399;26774;12459;86,832;FTL
1128;8/15/2022;August;Turkey;Istanbul;UK;Road;33005;1422;0;33005;14220;102,384;FTL
1129;8/15/2022;August;Turkey;Istanbul;DE;Road;24033;1249;0;24033;12490;89,928;FTL
1130;8/15/2022;August;Turkey;Istanbul;DE;Road;20948;1097;1575;22523;12545;78,984;FTL
1131;8/15/2022;August;Turkey;Istanbul;DE;Road;10566;310;0;10566;3100;22,32;LTL
1132;8/15/2022;August;Spain;Barcelona;CZ;Road;17311;789;0;17311;7890;56,808;FTL
1133;8/15/2022;August;Spain;Madrid;CZ;Road;16400;741;0;16400;7410;53,352;FTL
1134;8/15/2022;August;Spain;Barcelona;CZ;Road;18302;778;0;18302;7780;56,016;FTL
1135;8/15/2022;August;Spain;Barcelona;CZ;Road;19995;1149;0;19995;11490;82,728;FTL
1136;8/15/2022;August;Spain;Barcelona;CZ;Road;10307;656;0;10307;6560;47,232;FTL
1137;8/15/2022;August;Spain;Barcelona;CZ;Road;10441;740;0;10441;7400;53,28;FTL
1138;8/15/2022;August;Spain;Barcelona;CZ;Road;9861;628;0;9861;6280;45,216;FTL
1139;8/22/2022;August;Turkey;Istanbul;DE;Road;26057;1351;0;26057;13510;97,272;FTL
1140;8/22/2022;August;Turkey;Istanbul;UK;Road;20665;927;3188;23853;12458;66,744;FTL
1141;8/22/2022;August;Turkey;Istanbul;UK;Road;20602;1046;0;20602;10460;75,312;LTL
1142;8/22/2022;August;Turkey;Istanbul;UK;Road;24495;1298;0;24495;12980;93,456;LTL
1143;8/22/2022;August;Spain;Madrid;CZ;Road;17933;1270;0;17933;12700;91,44;FTL
1144;8/22/2022;August;Spain;Barcelona;CZ;Road;9677;703;0;9677;7030;50,616;FTL
1145;8/22/2022;August;Spain;Barcelona;CZ;Road;23890;836;0;23890;8360;60,192;FTL
1146;8/22/2022;August;Spain;Barcelona;CZ;Road;15776;802;0;15776;8020;57,744;FTL
1147;8/22/2022;August;Spain;Barcelona;CZ;Road;7072;672;0;7072;6720;48,384;FTL
1148;8/22/2022;August;Spain;Barcelona;CZ;Road;11750;611;0;11750;6110;43,992;FTL
1149;8/22/2022;August;Turkey;Istanbul;US;Sea;18522;931;0;18522;9310;67,032;FCL
1150;8/22/2022;August;Turkey;Istanbul;US;Sea;15633;894;0;15633;8940;64,368;FCL
1151;8/22/2022;August;Turkey;Istanbul;US;Sea;20177;1101;0;20177;11010;79,272;FCL